date_time_local,unixtime,pressure_station,pressure_sea,wind_dir,wind_dir_10s,wind_speed,wind_gust,relative_humidity,dew_point,temperature,windchill,humidex,visibility,health_index,cloud_cover_4,cloud_cover_8,cloud_cover_10,solar_radiation,max_air_temp_pst1hr,min_air_temp_pst1hr
"2024-04-07 21:00:00 EDT",1712538000,,,S,18,5,,36,-3.9,10.4,,,24100,,,,,,,
"2024-04-07 20:00:00 EDT",1712534400,,,SSE,15,9,,37,-3.5,10.7,,,24100,,,,,,,
"2024-04-07 19:00:00 EDT",1712530800,,,SE,14,12,,32,-3.4,12.8,,,24100,,,,,,,
"2024-04-07 18:00:00 EDT",1712527200,,,SSE,15,13,,32,-2.9,13.3,,,24100,,,,,,,
"2024-04-07 17:00:00 EDT",1712523600,,,SE,13,13,,30,-3.5,13.7,,,24100,,,,,,,
"2024-04-07 16:00:00 EDT",1712520000,,,SSE,15,12,,33,-1.9,14.3,,,24100,,,,,,,
"2024-04-07 15:00:00 EDT",1712516400,100.11,102.22,SSE,16,15,,30,-3,14.3,,,24100,,,0,,,15.2,13.9
"2024-04-07 14:00:00 EDT",1712512800,100.14,102.25,WSW,25,7,,35,-0.8,14.7,,,24100,,,0,,,14.8,12.9
"2024-04-07 13:00:00 EDT",1712509200,100.21,102.33,SSW,19,4,,37,-1.2,13,,,24100,,,0,,,13.1,11.8
"2024-04-07 12:00:00 EDT",1712505600,100.26,102.38,SSE,16,13,,39,-1.2,12.4,,,24100,,,0,,,12.7,11.2
"2024-04-07 11:00:00 EDT",1712502000,100.24,102.36,ESE,11,6,,42,-1.2,11.2,,,24100,,,0,,,11.6,9
"2024-04-07 10:00:00 EDT",1712498400,100.24,102.36,N,35,5,,50,-1,8.9,,,24100,,,0,,,8.9,6.5
"2024-04-07 09:00:00 EDT",1712494800,100.19,102.31,NNE,2,9,,57,-1.3,6.6,,,24100,,,0,,,6.6,4.7
"2024-04-07 08:00:00 EDT",1712491200,100.15,102.27,N,35,11,,60,-2.4,4.7,,,24100,,,0,,,4.7,3
"2024-04-07 07:00:00 EDT",1712487600,100.07,102.19,NNW,33,17,,65,-2.8,3.1,,,24100,,,0,,,3.3,2.4
"2024-04-07 06:00:00 EDT",1712484000,100.01,102.13,NNW,34,13,,66,-2.8,2.9,,,24100,,,0,,,3.3,2.9
"2024-04-07 05:00:00 EDT",1712480400,99.95,102.07,NNW,34,15,,66,-2.7,3.1,,,24100,,,0,,,3.4,3
"2024-04-07 04:00:00 EDT",1712476800,99.89,102.01,N,35,12,,65,-2.7,3.2,,,24100,,,0,,,3.6,3.1
"2024-04-07 03:00:00 EDT",1712473200,99.86,101.97,N,35,18,,63,-2.7,3.8,,,24100,,,0,,,4.3,3.5
"2024-04-07 02:00:00 EDT",1712469600,99.86,101.97,N,36,19,,61,-2.8,4.1,,,24100,,,0,,,4.7,3.9
"2024-04-07 01:00:00 EDT",1712466000,99.86,101.97,NNW,35,18,,57,-3.2,4.6,,,24100,,,0,,,5.8,4.5
"2024-04-07 00:00:00 EDT",1712462400,99.85,101.96,NNW,33,19,28,50,-3.7,5.8,,,24100,,,0,,,6.7,5.7
"2024-04-06 23:00:00 EDT",1712458800,99.83,101.94,NNW,34,21,31,46,-4.2,6.6,,,24100,,,0,,,7.6,6.6
"2024-04-06 22:00:00 EDT",1712455200,99.8,101.91,NW,32,19,,45,-3.7,7.6,,,24100,,,0,,,8.4,7.2
"2024-04-06 21:00:00 EDT",1712451600,99.76,101.87,NNW,33,21,,42,-3.8,8.5,,,24100,,,0,,,9,8.4
"2024-04-06 20:00:00 EDT",1712448000,99.73,101.85,N,35,23,35,41,-3.7,8.9,,,24100,,,0,,,10.1,8.9
"2024-04-06 19:00:00 EDT",1712444400,99.68,101.79,NNW,35,24,36,39,-3.2,10.2,,,24100,,,0,,,11.2,10.2
"2024-04-06 18:00:00 EDT",1712440800,99.62,101.73,NNW,34,19,41,37,-3.1,11,,,24100,,,0,,,11.9,10.8
"2024-04-06 17:00:00 EDT",1712437200,99.58,101.69,N,1,33,,35,-3.2,11.9,,,24100,,,0,,,12.2,11.5
"2024-04-06 16:00:00 EDT",1712433600,99.58,101.69,NW,32,26,45,41,-0.8,11.8,,,24100,,,0,,,12.5,11.3
"2024-04-06 15:00:00 EDT",1712430000,99.6,101.71,NNW,33,29,42,38,-1.9,11.9,,,24100,,,1,,,12.4,11.2
"2024-04-06 14:00:00 EDT",1712426400,99.63,101.74,NNW,33,26,37,40,-1.5,11.6,,,24100,,,1,,,11.8,10.6
"2024-04-06 13:00:00 EDT",1712422800,99.66,101.77,NNW,35,26,44,45,-0.2,11.3,,,24100,,,2,,,11.3,9.7
"2024-04-06 12:00:00 EDT",1712419200,99.68,101.79,NNW,34,32,46,50,-0.3,9.7,,,24100,,,6,,,9.7,8.6
"2024-04-06 11:00:00 EDT",1712415600,99.73,101.85,NNW,34,21,32,59,1.1,8.6,,,24100,,,4,,,8.6,6.8
"2024-04-06 10:00:00 EDT",1712412000,99.71,101.84,NNW,34,29,,61,0.1,7.1,,,24100,,,1,,,7.2,5.7
"2024-04-06 09:00:00 EDT",1712408400,99.66,101.79,NNW,34,26,39,69,0.5,5.8,,,24100,,,1,,,5.8,4.3
"2024-04-06 08:00:00 EDT",1712404800,99.65,101.78,NNW,33,28,39,77,0.6,4.3,,,24100,,,1,,,4.3,3.6
"2024-04-06 07:00:00 EDT",1712401200,99.61,101.74,NNW,33,28,,82,0.9,3.7,,,24100,,,2,,,4.5,3.7
"2024-04-06 06:00:00 EDT",1712397600,99.55,101.68,NNW,33,28,,79,1.2,4.5,,,24100,,,7,,,4.8,4.5
"2024-04-06 05:00:00 EDT",1712394000,99.5,101.62,NNW,34,27,36,79,1.5,4.8,,,24100,,,8,,,4.8,4.4
"2024-04-06 04:00:00 EDT",1712390400,99.46,101.58,NNW,34,23,32,79,1.4,4.7,,,24100,,,7,,,4.9,4.7
"2024-04-06 03:00:00 EDT",1712386800,99.46,101.58,NNW,34,24,35,78,1.3,4.9,,,24100,,,7,,,4.9,4.3
"2024-04-06 02:00:00 EDT",1712383200,99.43,101.55,NNW,34,24,37,79,1.2,4.5,,,24100,,,4,,,4.8,4.4
"2024-04-06 01:00:00 EDT",1712379600,99.39,101.51,NNW,34,27,,80,1.6,4.7,,,24100,,,7,,,4.7,4.4
"2024-04-06 00:00:00 EDT",1712376000,99.36,101.49,NNW,33,28,,82,1.7,4.4,,,24100,,,7,,,4.5,4.1
"2024-04-05 23:00:00 EDT",1712372400,99.32,101.45,NNW,34,27,,84,1.6,4.1,,,24100,,,5,,,4.2,3.8
"2024-04-05 22:00:00 EDT",1712368800,99.29,101.42,NNW,34,27,40,83,1.5,4.1,,,24100,,,6,,,4.5,4.1
"2024-04-05 21:00:00 EDT",1712365200,99.24,101.37,NNW,34,34,49,81,1.5,4.4,,,24100,,,7,,,4.7,4.4
"2024-04-05 20:00:00 EDT",1712361600,99.19,101.32,NNW,33,30,42,78,0.9,4.5,,,24100,,,7,,,4.9,4.4
"2024-04-05 19:00:00 EDT",1712358000,99.12,101.25,NNW,33,26,41,73,0.4,4.9,,,24100,,,7,,,5.5,4.8
"2024-04-05 18:00:00 EDT",1712354400,99.06,101.19,NNW,33,31,44,67,-0.3,5.3,,,24100,,,8,,,6.2,5.3
"2024-04-05 17:00:00 EDT",1712350800,98.99,101.11,NNW,33,41,,65,-0.5,5.6,,,24100,,,8,,,6.1,4.9
"2024-04-05 16:00:00 EDT",1712347200,98.92,101.04,NNW,33,30,43,73,1,5.4,,,24100,,,7,,,5.9,3.9
"2024-04-05 15:00:00 EDT",1712343600,98.89,101,NNW,33,29,42,64,-0.4,5.9,,,24100,,,8,,,5.9,4.3
"2024-04-05 14:00:00 EDT",1712340000,98.84,100.95,NNW,34,32,41,66,-0.6,5.3,,,24100,,,7,,,5.3,4.3
"2024-04-05 13:00:00 EDT",1712336400,98.82,100.93,NNW,33,29,45,66,-0.9,4.9,,,19300,,,8,,,5.3,4.3
"2024-04-05 12:00:00 EDT",1712332800,98.8,100.92,NNW,34,32,42,69,-0.7,4.4,,,24100,,,8,,,4.7,3
"2024-04-05 11:00:00 EDT",1712329200,98.78,100.9,NNW,34,30,44,72,-1.2,3.4,,,24100,,,8,,,3.7,2.2
"2024-04-05 10:00:00 EDT",1712325600,98.75,100.88,NNW,33,35,45,76,-1.4,2.3,,,24100,,,7,,,2.6,1.4
"2024-04-05 09:00:00 EDT",1712322000,98.75,100.88,NNW,34,26,,83,-0.9,1.6,,,24100,,,7,,,1.9,0.4
"2024-04-05 08:00:00 EDT",1712318400,98.72,100.85,NNW,33,24,,89,-1,0.6,,,19300,,,8,,,0.6,0.3
"2024-04-05 07:00:00 EDT",1712314800,98.7,100.83,NNW,33,18,,91,-1,0.3,,,24100,,,8,,,0.4,0.3
"2024-04-05 06:00:00 EDT",1712311200,98.66,100.78,NNW,34,19,,90,-1.1,0.4,,,24100,,,8,,,0.4,0.2
"2024-04-05 05:00:00 EDT",1712307600,98.61,100.73,NNW,33,19,,92,-0.9,0.3,,,24100,,,8,,,0.3,0.2
"2024-04-05 04:00:00 EDT",1712304000,98.58,100.69,NW,33,19,,92,-0.9,0.3,,,24100,,,8,,,0.4,0.3
"2024-04-05 03:00:00 EDT",1712300400,98.61,100.72,N,35,20,,90,-1.1,0.3,,,24100,,,8,,,0.4,0.3
"2024-04-05 02:00:00 EDT",1712296800,98.61,100.72,NNW,34,18,,90,-1,0.4,,,24100,,,8,,,0.4,0.3
"2024-04-05 01:00:00 EDT",1712293200,98.62,100.73,NNW,34,21,,92,-0.8,0.3,,,24100,,,8,,,0.4,0.3
"2024-04-05 00:00:00 EDT",1712289600,98.61,100.72,NNW,35,23,,93,-0.5,0.4,,,24100,,,8,,,0.6,0.4
"2024-04-04 23:00:00 EDT",1712286000,98.59,100.7,N,36,21,,93,-0.6,0.4,,,24100,,,8,,,0.4,0.2
"2024-04-04 22:00:00 EDT",1712282400,98.61,100.72,N,36,23,,93,-0.6,0.3,,,9700,,,8,,,0.5,0.3
"2024-04-04 21:00:00 EDT",1712278800,98.55,100.66,NNE,2,13,,92,-0.7,0.4,,,24100,,,8,,,0.7,0.3
"2024-04-04 20:00:00 EDT",1712275200,98.44,100.55,NNE,2,21,,91,-0.6,0.7,,,6400,,,8,,,1.7,0.7
"2024-04-04 19:00:00 EDT",1712271600,98.37,100.48,NNE,3,23,,90,0.1,1.6,,,9700,,,8,,,2.7,1.5
"2024-04-04 18:00:00 EDT",1712268000,98.27,100.38,NNE,3,29,,92,0.6,1.9,,,19300,,,8,,,3.1,1.9
"2024-04-04 17:00:00 EDT",1712264400,98.18,100.28,ENE,6,14,,93,1.5,2.5,,,16100,,,8,,,3.1,1.9
"2024-04-04 16:00:00 EDT",1712260800,98.1,100.2,NE,5,16,,90,1,2.6,,,19300,,,8,,,3.4,2.4
"2024-04-04 15:00:00 EDT",1712257200,98.02,100.12,ENE,7,19,30,90,1.3,2.8,,,19300,,,8,,,3.4,2.5
"2024-04-04 14:00:00 EDT",1712253600,97.97,100.07,ENE,7,21,34,96,2.2,2.9,,,16100,,,8,,,3.3,2.5
"2024-04-04 13:00:00 EDT",1712250000,97.88,99.98,E,8,23,39,95,2.2,2.9,,,16100,,,8,,,3,2.6
"2024-04-04 12:00:00 EDT",1712246400,97.82,99.91,ENE,7,23,39,97,2.3,2.8,,,16100,,,8,,,3,2.6
"2024-04-04 11:00:00 EDT",1712242800,97.73,99.82,E,10,20,38,100,2.8,2.8,,,6400,,,8,,,3.1,2.6
"2024-04-04 10:00:00 EDT",1712239200,97.64,99.73,ENE,8,23,35,100,2.9,2.9,,,12900,,,8,,,3.1,2.8
"2024-04-04 09:00:00 EDT",1712235600,97.55,99.64,E,9,18,,100,2.9,2.9,,,16100,,,8,,,3,2.5
"2024-04-04 08:00:00 EDT",1712232000,97.52,99.61,SSE,15,9,,100,2.8,2.8,,,9700,,,8,,,3.1,2.7
"2024-04-04 07:00:00 EDT",1712228400,97.47,99.55,E,8,8,,100,2.8,2.8,,,9700,,,8,,,2.8,1.9
"2024-04-04 06:00:00 EDT",1712224800,97.45,99.53,N,36,4,,100,1.9,1.9,,,12900,,,8,,,1.9,1.7
"2024-04-04 05:00:00 EDT",1712221200,97.39,99.47,NNW,33,14,,100,1.8,1.8,,,16100,,,8,,,1.8,1.6
"2024-04-04 04:00:00 EDT",1712217600,97.39,99.47,W,27,6,,100,1.8,1.8,,,24100,,,8,,,1.8,1.4
"2024-04-04 03:00:00 EDT",1712214000,97.3,99.38,NNE,2,20,,100,1.4,1.4,,,16100,,,8,,,1.8,1.1
"2024-04-04 02:00:00 EDT",1712210400,97.36,99.44,NNE,1,16,,100,1.3,1.3,,,9700,,,8,,,1.8,1.3
"2024-04-04 01:00:00 EDT",1712206800,97.41,99.49,ENE,6,18,,100,1.6,1.6,,,9700,,,8,,,2.3,1.6
"2024-04-04 00:00:00 EDT",1712203200,97.4,99.48,ENE,7,22,,100,2.3,2.3,,,16100,,,8,,,2.5,2.2
"2024-04-03 23:00:00 EDT",1712199600,97.42,99.5,ENE,7,18,32,100,2.2,2.2,,,12900,,,8,,,2.2,1.3
"2024-04-03 22:00:00 EDT",1712196000,97.47,99.55,ENE,7,26,44,100,1.3,1.3,,,12900,,,8,,,2.2,1.2
"2024-04-03 21:00:00 EDT",1712192400,97.52,99.6,ENE,8,28,45,100,2.2,2.2,,,16100,,,8,,,3.8,2.2
"2024-04-03 20:00:00 EDT",1712188800,97.53,99.61,E,8,28,43,100,3.3,3.3,,,6400,,,8,,,4,3.3
"2024-04-03 19:00:00 EDT",1712185200,97.53,99.61,E,8,28,48,100,4,4,,,6400,,,8,,,4.2,4
"2024-04-03 18:00:00 EDT",1712181600,97.5,99.58,E,8,23,36,100,4.2,4.2,,,8100,,,8,,,5.5,4.2
"2024-04-03 17:00:00 EDT",1712178000,97.5,99.58,E,9,25,35,100,4.8,4.8,,,9700,,,8,,,5.7,4.8
"2024-04-03 16:00:00 EDT",1712174400,97.43,99.5,E,8,20,31,100,5.7,5.7,,,8100,,,8,,,6.4,5.6
"2024-04-03 15:00:00 EDT",1712170800,97.41,99.48,ESE,10,16,,100,5.9,5.9,,,8100,,,8,,,6.2,5.6
"2024-04-03 14:00:00 EDT",1712167200,97.48,99.56,E,9,18,29,100,5.8,5.8,,,3200,,,8,,,6.2,5.7
"2024-04-03 13:00:00 EDT",1712163600,97.44,99.51,E,8,15,27,100,6,6,,,8100,,,8,,,6.2,5.8
"2024-04-03 12:00:00 EDT",1712160000,97.43,99.5,E,8,16,,100,6.1,6.1,,,9700,,,8,,,6.2,5.7
"2024-04-03 11:00:00 EDT",1712156400,97.45,99.52,E,8,19,28,100,5.8,5.8,,,4800,,,8,,,6.1,5.7
"2024-04-03 10:00:00 EDT",1712152800,97.42,99.49,E,8,22,34,100,5.9,5.9,,,16100,,,8,,,6.1,5.9
"2024-04-03 09:00:00 EDT",1712149200,97.49,99.56,E,9,24,35,100,6,6,,,16100,,,8,,,6.1,5.9
"2024-04-03 08:00:00 EDT",1712145600,97.52,99.59,E,9,24,40,100,6,6,,,24100,,,8,,,6.1,5.6
"2024-04-03 07:00:00 EDT",1712142000,97.45,99.52,E,9,26,43,100,5.9,5.9,,,19300,,,8,,,6,5.3
"2024-04-03 06:00:00 EDT",1712138400,97.42,99.49,E,8,26,50,100,5.4,5.4,,,16100,,,8,,,5.6,5.3
"2024-04-03 05:00:00 EDT",1712134800,97.46,99.53,E,10,38,59,97,5.2,5.5,,,24100,,,8,,,5.5,5.3
"2024-04-03 04:00:00 EDT",1712131200,97.51,99.58,E,9,32,49,100,5.3,5.3,,,24100,,,8,,,5.3,5.1
"2024-04-03 03:00:00 EDT",1712127600,97.62,99.7,E,10,34,58,100,5.1,5.1,,,16100,,,8,,,5.1,5
"2024-04-03 02:00:00 EDT",1712124000,97.73,99.81,E,9,41,71,100,5.1,5.1,,,16100,,,8,,,5.2,5
"2024-04-03 01:00:00 EDT",1712120400,97.85,99.93,E,10,34,55,100,5.1,5.1,,,9700,,,8,,,5.2,5
"2024-04-03 00:00:00 EDT",1712116800,97.93,100.02,E,9,36,59,100,5.1,5.1,,,9700,,,8,,,5.3,5
"2024-04-02 23:00:00 EDT",1712113200,98.05,100.14,E,9,28,53,100,5.3,5.3,,,4800,,,8,,,5.6,5.3
"2024-04-02 22:00:00 EDT",1712109600,98.24,100.33,E,10,31,54,100,5.6,5.6,,,4800,,,8,,,5.7,5.5
"2024-04-02 21:00:00 EDT",1712106000,98.27,100.36,E,9,34,51,100,5.5,5.5,,,4800,,,8,,,5.7,5.5
"2024-04-02 20:00:00 EDT",1712102400,98.37,100.46,E,10,44,59,100,5.7,5.7,,,4000,,,7,,,6.7,5.7
"2024-04-02 19:00:00 EDT",1712098800,98.41,100.5,E,9,34,56,95,5.4,6.1,,,4000,,,7,,,7.3,6.1
"2024-04-02 18:00:00 EDT",1712095200,98.51,100.6,E,9,34,63,74,2.5,6.8,,,16100,,,8,,,7.6,6.8
"2024-04-02 17:00:00 EDT",1712091600,98.55,100.64,E,9,32,53,58,-0.2,7.4,,,19300,,,8,,,7.6,5.8
"2024-04-02 16:00:00 EDT",1712088000,98.62,100.71,E,9,35,63,62,-0.3,6.6,,,24100,,,8,,,6.8,5.8
"2024-04-02 15:00:00 EDT",1712084400,98.57,100.66,E,8,38,55,60,-1.1,6.1,,,19300,,,8,,,6.2,5
"2024-04-02 14:00:00 EDT",1712080800,98.68,100.78,E,8,37,54,64,-0.9,5.4,,,24100,,,8,,,5.4,5
"2024-04-02 13:00:00 EDT",1712077200,98.79,100.89,E,8,37,54,63,-1.2,5.2,,,24100,,,8,,,5.3,4.7
"2024-04-02 12:00:00 EDT",1712073600,98.91,101.01,E,8,27,50,69,-0.5,4.8,,,19300,,,8,,,5.2,4.8
"2024-04-02 11:00:00 EDT",1712070000,98.92,101.02,E,8,32,46,62,-1.8,5,,,24100,,,8,,,5.5,4.9
"2024-04-02 10:00:00 EDT",1712066400,99,101.1,ENE,7,32,45,49,-4.5,5.3,,,24100,,,8,,,5.7,5.2
"2024-04-02 09:00:00 EDT",1712062800,99.04,101.14,E,8,31,49,44,-5.8,5.6,,,24100,,,8,,,5.6,5.3
"2024-04-02 08:00:00 EDT",1712059200,99.19,101.29,E,8,30,43,49,-4.4,5.3,,,24100,,,8,,,5.3,5.2
"2024-04-02 07:00:00 EDT",1712055600,99.18,101.28,ENE,8,31,47,55,-3,5.2,,,24100,,,7,,,5.7,5.2
"2024-04-02 06:00:00 EDT",1712052000,99.22,101.32,E,8,25,51,53,-3.1,5.7,,,24100,,,8,,,6.1,5.7
"2024-04-02 05:00:00 EDT",1712048400,99.29,101.39,E,9,30,41,52,-3,6.1,,,24100,,,8,,,6.5,6.1
"2024-04-02 04:00:00 EDT",1712044800,99.35,101.45,E,9,22,36,51,-3,6.5,,,24100,,,8,,,6.7,6.5
"2024-04-02 03:00:00 EDT",1712041200,99.37,101.47,E,9,22,36,48,-3.6,6.7,,,24100,,,8,,,6.8,6.6
"2024-04-02 02:00:00 EDT",1712037600,99.38,101.48,E,8,17,,55,-1.8,6.7,,,24100,,,8,,,7.3,6.6
"2024-04-02 01:00:00 EDT",1712034000,99.4,101.5,ESE,11,12,,51,-2.2,7.2,,,24100,,,8,,,7.5,6.4
"2024-04-02 00:00:00 EDT",1712030400,99.38,101.49,N,36,10,,58,-0.9,6.7,,,24100,,,8,,,7.1,6.7
"2024-04-01 23:00:00 EDT",1712026800,99.36,101.47,NNE,1,18,,57,-0.9,6.9,,,24100,,,8,,,7.4,6.8
"2024-04-01 22:00:00 EDT",1712023200,99.44,101.55,N,36,16,,56,-0.7,7.4,,,24100,,,7,,,8.6,7.4
"2024-04-01 21:00:00 EDT",1712019600,99.49,101.6,N,36,16,,44,-3.3,8.4,,,24100,,,6,,,9,8.3
"2024-04-01 20:00:00 EDT",1712016000,99.51,101.63,N,36,13,,41,-3.6,9,,,24100,,,8,,,9.2,8.8
"2024-04-01 19:00:00 EDT",1712012400,99.42,101.53,NNE,3,19,,46,-1.8,9.3,,,24100,,,7,,,10.1,9.3
"2024-04-01 18:00:00 EDT",1712008800,99.45,101.56,N,36,20,,44,-1.6,10.1,,,24100,,,8,,,10.9,10.1
"2024-04-01 17:00:00 EDT",1712005200,99.37,101.48,NE,4,11,,42,-1.8,10.6,,,24100,,,8,,,11.5,10.4
"2024-04-01 16:00:00 EDT",1712001600,99.36,101.47,NNE,3,11,,41,-1.7,10.8,,,24100,,,8,,,11.4,9.4
"2024-04-01 15:00:00 EDT",1711998000,99.37,101.48,N,36,19,28,40,-2.6,10.4,,,24100,,,8,,,11.4,10.4
"2024-04-01 14:00:00 EDT",1711994400,99.43,101.54,NNE,3,22,31,42,-1.9,10.5,,,24100,,,4,,,11,9.3
"2024-04-01 13:00:00 EDT",1711990800,99.45,101.56,NE,4,12,41,45,-1.8,9.5,,,24100,,,1,,,9.7,8.2
"2024-04-01 12:00:00 EDT",1711987200,99.45,101.56,N,36,14,,46,-2.3,8.6,,,24100,,,6,,,9,6.4
"2024-04-01 11:00:00 EDT",1711983600,99.42,101.54,NNE,2,15,,53,-2.2,6.6,,,24100,,,7,,,6.8,4.8
"2024-04-01 10:00:00 EDT",1711980000,99.5,101.62,N,1,19,,58,-2.6,5,,,24100,,,6,,,5.2,3.7
"2024-04-01 09:00:00 EDT",1711976400,99.5,101.62,N,36,18,,64,-2.3,3.8,,,24100,,,6,,,3.9,2.2
"2024-04-01 08:00:00 EDT",1711972800,99.48,101.61,N,36,14,,68,-3,2.3,,,24100,,,7,,,2.3,1.7
"2024-04-01 07:00:00 EDT",1711969200,99.41,101.53,N,1,13,,66,-3.8,2,,,24100,,,8,,,2,1.4
"2024-04-01 06:00:00 EDT",1711965600,99.39,101.51,N,36,14,,66,-3.9,1.7,,,24100,,,7,,,2.1,1.7
"2024-04-01 05:00:00 EDT",1711962000,99.34,101.45,N,36,10,,65,-3.9,2,,,24100,,,7,,,2.3,2
"2024-04-01 04:00:00 EDT",1711958400,99.27,101.38,N,36,11,,65,-3.7,2.1,,,24100,,,8,,,2.4,2.1
"2024-04-01 03:00:00 EDT",1711954800,99.26,101.37,N,1,16,,67,-3,2.5,,,24100,,,6,,,2.7,2.4
"2024-04-01 02:00:00 EDT",1711951200,99.34,101.45,NNE,3,12,,68,-2.7,2.7,,,24100,,,6,,,2.9,2.7
"2024-04-01 01:00:00 EDT",1711947600,99.38,101.51,N,36,15,,66,-2.8,2.9,,,24100,,,3,,,3.4,2.7
"2024-04-01 00:00:00 EDT",1711944000,99.43,101.56,N,35,17,,66,-2.5,3.3,,,24100,,,6,,,3.9,3.2
"2024-03-31 23:00:00 EDT",1711940400,99.42,101.55,NNW,34,19,,65,-2,4,,,24100,,,6,,,6.6,4
"2024-03-31 22:00:00 EDT",1711936800,99.36,101.48,NW,31,13,,58,-1.1,6.6,,,24100,,,2,,,7.2,6.3
"2024-03-31 21:00:00 EDT",1711933200,99.34,101.46,NW,33,8,,55,-1.4,7,,,24100,,,5,,,7.7,6.9
"2024-03-31 20:00:00 EDT",1711929600,99.32,101.43,NW,32,14,,54,-1.2,7.5,,,24100,,,8,,,8,6.8
"2024-03-31 19:00:00 EDT",1711926000,99.34,101.46,ENE,7,3,,59,0.4,7.9,,,24100,,,8,,,8.8,7.9
"2024-03-31 18:00:00 EDT",1711922400,99.32,101.43,SSE,16,6,,54,-0.2,8.6,,,24100,,,7,,,10.7,8.6
"2024-03-31 17:00:00 EDT",1711918800,99.3,101.41,W,26,12,,42,-2.1,10.4,,,24100,,,4,,,10.7,9.2
"2024-03-31 16:00:00 EDT",1711915200,99.36,101.47,SW,23,13,30,43,-2.2,9.9,,,24100,,,4,,,10.5,9.1
"2024-03-31 15:00:00 EDT",1711911600,99.38,101.49,W,26,18,,44,-2.2,9.6,,,24100,,,4,,,9.8,8.1
"2024-03-31 14:00:00 EDT",1711908000,99.42,101.54,W,28,16,,49,-1.9,8.1,,,24100,,,4,,,8.9,6.2
"2024-03-31 13:00:00 EDT",1711904400,99.44,101.57,WNW,29,9,,52,-3.2,5.9,,,24100,,,4,,,7.3,5.5
"2024-03-31 12:00:00 EDT",1711900800,99.48,101.61,W,27,13,,55,-2.2,6.1,,,24100,,,6,,,6.2,4.2
"2024-03-31 11:00:00 EDT",1711897200,99.44,101.57,WNW,29,10,,59,-3,4.3,,,24100,,,7,,,4.3,3.2
"2024-03-31 10:00:00 EDT",1711893600,99.46,101.59,NNW,33,8,,64,-3,3.2,,,24100,,,8,,,3.3,2.6
"2024-03-31 09:00:00 EDT",1711890000,99.46,101.59,NW,32,17,,66,-3,2.7,,,24100,,,8,,,2.7,2.4
"2024-03-31 08:00:00 EDT",1711886400,99.44,101.57,NNW,33,15,,71,-2.5,2.4,,,24100,,,8,,,2.4,2
"2024-03-31 07:00:00 EDT",1711882800,99.33,101.45,NW,32,15,,75,-2,2,,,24100,,,8,,,2,1.2
"2024-03-31 06:00:00 EDT",1711879200,99.24,101.36,NW,32,16,,75,-2.3,1.6,,,24100,,,3,,,2.1,1.5
"2024-03-31 05:00:00 EDT",1711875600,99.18,101.29,NNW,34,17,,74,-2.2,2.1,,,24100,,,6,,,2.3,1.9
"2024-03-31 04:00:00 EDT",1711872000,99.12,101.23,NW,32,17,,75,-2,1.9,,,24100,,,7,,,2.2,1.9
"2024-03-31 03:00:00 EDT",1711868400,99.07,101.18,NNW,33,22,,73,-2.2,2.2,,,24100,,,7,,,2.2,2
"2024-03-31 02:00:00 EDT",1711864800,99.02,101.13,NNW,35,20,36,76,-1.7,2,,,24100,,,8,,,2.8,2
"2024-03-31 01:00:00 EDT",1711861200,98.98,101.09,NNW,33,25,38,61,-4.1,2.7,,,24100,,,8,,,3.7,2.7
"2024-03-31 00:00:00 EDT",1711857600,98.95,101.06,NNW,34,27,,58,-4.4,3.1,,,24100,,,8,,,4,3.1
"2024-03-30 23:00:00 EDT",1711854000,98.88,100.99,NNW,35,21,,51,-5.2,4,,,24100,,,8,,,4.6,4
"2024-03-30 22:00:00 EDT",1711850400,98.9,101.01,N,35,21,,48,-5.6,4.7,,,24100,,,7,,,5.8,4.6
"2024-03-30 21:00:00 EDT",1711846800,98.84,100.95,N,35,20,,48,-4.4,5.9,,,24100,,,7,,,6.4,5.6
"2024-03-30 20:00:00 EDT",1711843200,98.79,100.9,SW,22,6,,58,-1.5,6,,,24100,,,8,,,6.9,5.9
"2024-03-30 19:00:00 EDT",1711839600,98.79,100.9,SSW,19,10,,52,-2.1,7,,,24100,,,8,,,7.4,6.9
"2024-03-30 18:00:00 EDT",1711836000,98.75,100.87,S,18,10,,47,-3.1,7.3,,,24100,,,8,,,7.5,7.1
"2024-03-30 17:00:00 EDT",1711832400,98.74,100.86,SSE,16,14,,45,-3.9,7.1,,,24100,,,8,,,7.3,6.8
"2024-03-30 16:00:00 EDT",1711828800,98.78,100.9,SSE,16,11,,46,-3.9,7.1,,,24100,,,8,,,7.6,6.5
"2024-03-30 15:00:00 EDT",1711825200,98.84,100.95,SSE,15,15,,45,-4.2,6.8,,,24100,,,7,,,7.2,6
"2024-03-30 14:00:00 EDT",1711821600,98.95,101.08,S,17,16,,49,-3.5,6.5,,,24100,,,7,,,7.3,5.6
"2024-03-30 13:00:00 EDT",1711818000,98.99,101.11,SE,13,10,,51,-2.9,6.6,,,24100,,,7,,,7,5.2
"2024-03-30 12:00:00 EDT",1711814400,99.08,101.21,S,19,5,,50,-4.8,4.9,,,24100,,,7,,,5.3,3.9
"2024-03-30 11:00:00 EDT",1711810800,99.15,101.28,WNW,29,3,,52,-4.9,4,,,24100,,,6,,,4.2,3
"2024-03-30 10:00:00 EDT",1711807200,99.22,101.35,NNW,34,5,,61,-3.5,3.3,,,24100,,,5,,,3.4,1.5
"2024-03-30 09:00:00 EDT",1711803600,99.28,101.42,NW,32,8,,68,-3.8,1.5,,,24100,,,5,,,1.7,-0.7
"2024-03-30 08:00:00 EDT",1711800000,99.29,101.43,WSW,24,3,,81,-3.5,-0.7,-2,,24100,,,5,,,-0.6,-2.8
"2024-03-30 07:00:00 EDT",1711796400,99.3,101.44,NW,32,10,,81,-4.4,-1.6,-5,,24100,,,3,,,-1.5,-3.7
"2024-03-30 06:00:00 EDT",1711792800,99.37,101.51,WNW,28,10,,89,-4.6,-3,-7,,24100,,,0,,,-3,-4.9
"2024-03-30 05:00:00 EDT",1711789200,99.35,101.49,W,26,7,,87,-5.3,-3.4,-6,,24100,,,1,,,-2.8,-3.5
"2024-03-30 04:00:00 EDT",1711785600,99.39,101.53,WSW,24,12,,84,-5.3,-2.9,-7,,24100,,,1,,,-1.1,-2.9
"2024-03-30 03:00:00 EDT",1711782000,99.42,101.56,SW,22,4,,77,-4.8,-1.2,-3,,24100,,,1,,,-1,-2.3
"2024-03-30 02:00:00 EDT",1711778400,99.45,101.59,W,28,10,,77,-5.6,-2.1,-6,,24100,,,0,,,-0.2,-2.2
"2024-03-30 01:00:00 EDT",1711774800,99.46,101.6,WNW,29,11,,68,-5.4,-0.2,-4,,24100,,,0,,,0.4,-1
"2024-03-30 00:00:00 EDT",1711771200,99.48,101.62,WNW,30,13,,68,-5,0.2,,,24100,,,1,,,0.3,-1
"2024-03-29 23:00:00 EDT",1711767600,99.46,101.6,W,28,10,,69,-5.1,-0.1,-3,,24100,,,2,,,1.7,-0.1
"2024-03-29 22:00:00 EDT",1711764000,99.45,101.59,NW,31,20,,61,-5,1.7,,,24100,,,4,,,1.7,1.3
"2024-03-29 21:00:00 EDT",1711760400,99.44,101.58,NW,31,29,40,60,-5.3,1.6,,,24100,,,4,,,2.3,1.6
"2024-03-29 20:00:00 EDT",1711756800,99.42,101.56,NW,30,29,44,59,-4.9,2.2,,,24100,,,7,,,3.5,2.2
"2024-03-29 19:00:00 EDT",1711753200,99.39,101.53,WNW,29,30,40,56,-4.6,3.3,,,24100,,,7,,,5.1,3.2
"2024-03-29 18:00:00 EDT",1711749600,99.33,101.47,NW,31,35,,49,-4.8,5,,,24100,,,7,,,6.6,4.7
"2024-03-29 17:00:00 EDT",1711746000,99.33,101.47,NW,31,28,38,48,-4.7,5.4,,,24100,,,7,,,6.1,4.8
"2024-03-29 16:00:00 EDT",1711742400,99.36,101.5,NW,31,32,43,49,-4.8,4.9,,,24100,,,7,,,6,4.8
"2024-03-29 15:00:00 EDT",1711738800,99.37,101.51,WNW,30,28,43,47,-5.5,4.9,,,24100,,,7,,,6.7,4.8
"2024-03-29 14:00:00 EDT",1711735200,99.36,101.49,W,27,29,40,44,-4.8,6.6,,,24100,,,6,,,6.9,4.8
"2024-03-29 13:00:00 EDT",1711731600,99.39,101.52,NW,31,21,37,39,-8,5,,,24100,,,6,,,5.6,2.9
"2024-03-29 12:00:00 EDT",1711728000,99.44,101.58,WNW,30,21,31,49,-6.3,3.3,,,24100,,,7,,,3.6,2.1
"2024-03-29 11:00:00 EDT",1711724400,99.43,101.57,NW,32,25,,57,-5.3,2.3,,,24100,,,7,,,2.3,1.3
"2024-03-29 10:00:00 EDT",1711720800,99.44,101.58,NW,31,23,,60,-5.6,1.3,,,24100,,,7,,,1.4,1.2
"2024-03-29 09:00:00 EDT",1711717200,99.44,101.58,NNW,33,18,,61,-5.6,1.2,,,24100,,,6,,,2.1,0.1
"2024-03-29 08:00:00 EDT",1711713600,99.45,101.59,NW,31,13,,72,-4.4,0.1,,,24100,,,2,,,0.1,-0.6
"2024-03-29 07:00:00 EDT",1711710000,99.4,101.53,NNW,33,16,,76,-3.7,0,-5,,24100,,,3,,,0,-0.4
"2024-03-29 06:00:00 EDT",1711706400,99.38,101.51,NNW,35,18,,77,-3.5,0,-5,,24100,,,5,,,0.1,-0.7
"2024-03-29 05:00:00 EDT",1711702800,99.37,101.49,N,36,20,,79,-3.6,-0.3,-6,,24100,,,1,,,-0.2,-0.8
"2024-03-29 04:00:00 EDT",1711699200,99.34,101.47,N,36,14,,77,-4,-0.5,-5,,24100,,,0,,,-0.1,-0.7
"2024-03-29 03:00:00 EDT",1711695600,99.33,101.46,N,36,13,,73,-4.5,-0.2,-4,,24100,,,0,,,0.6,-1
"2024-03-29 02:00:00 EDT",1711692000,99.35,101.47,WNW,29,6,,62,-5.7,0.7,,,24100,,,0,,,2.1,0.7
"2024-03-29 01:00:00 EDT",1711688400,99.36,101.49,NW,31,7,,70,-3.9,1,,,24100,,,0,,,2.9,0.5
"2024-03-29 00:00:00 EDT",1711684800,99.38,101.51,W,28,5,,70,-3,2,,,24100,,,0,,,3.4,1.9
"2024-03-28 23:00:00 EDT",1711681200,99.41,101.54,SW,23,7,,62,-3.4,3.2,,,24100,,,0,,,3.5,2.4
"2024-03-28 22:00:00 EDT",1711677600,99.41,101.54,WSW,25,10,,65,-3,2.9,,,24100,,,1,,,5.2,2.4
"2024-03-28 21:00:00 EDT",1711674000,99.39,101.52,W,27,12,,50,-4.7,5,,,24100,,,3,,,6.3,3.9
"2024-03-28 20:00:00 EDT",1711670400,99.34,101.47,WNW,28,16,,42,-5.9,6,,,24100,,,3,,,7.2,5.8
"2024-03-28 19:00:00 EDT",1711666800,99.34,101.47,WSW,25,20,,38,-6.2,7.2,,,24100,,,3,,,8.2,7.2
"2024-03-28 18:00:00 EDT",1711663200,99.35,101.47,SW,23,20,31,36,-5.9,8.3,,,24100,,,3,,,9.4,8
"2024-03-28 17:00:00 EDT",1711659600,99.38,101.5,WSW,25,19,36,35,-5.3,9.3,,,24100,,,4,,,9.5,7.9
"2024-03-28 16:00:00 EDT",1711656000,99.44,101.56,WSW,25,20,29,39,-4.9,8.2,,,24100,,,4,,,9.7,7.9
"2024-03-28 15:00:00 EDT",1711652400,99.51,101.63,WSW,25,17,30,39,-4.4,8.7,,,24100,,,3,,,9.2,8
"2024-03-28 14:00:00 EDT",1711648800,99.59,101.72,WSW,25,23,,38,-4.6,8.7,,,24100,,,1,,,8.9,7.2
"2024-03-28 13:00:00 EDT",1711645200,99.65,101.78,WSW,25,22,37,43,-4.2,7.6,,,24100,,,1,,,7.8,6.2
"2024-03-28 12:00:00 EDT",1711641600,99.73,101.87,WSW,24,14,28,46,-4.4,6.3,,,24100,,,1,,,6.6,4.8
"2024-03-28 11:00:00 EDT",1711638000,99.83,101.97,WSW,24,21,33,51,-4.1,5.3,,,24100,,,1,,,5.3,3.3
"2024-03-28 10:00:00 EDT",1711634400,99.86,102,WSW,25,19,,54,-5,3.6,,,24100,,,0,,,3.7,2.1
"2024-03-28 09:00:00 EDT",1711630800,99.89,102.03,SSW,21,18,,55,-5.8,2.3,,,24100,,,0,,,2.5,1.1
"2024-03-28 08:00:00 EDT",1711627200,99.88,102.03,SW,23,10,,62,-5.7,0.9,,,24100,,,1,,,1,-0.9
"2024-03-28 07:00:00 EDT",1711623600,99.86,102.01,WSW,25,13,,62,-5.9,0.6,,,24100,,,7,,,1,0.4
"2024-03-28 06:00:00 EDT",1711620000,99.87,102.01,WSW,26,9,,64,-5.6,0.5,,,24100,,,7,,,1,0.5
"2024-03-28 05:00:00 EDT",1711616400,99.85,101.99,WNW,28,17,,61,-5.9,0.9,,,24100,,,7,,,1.4,0.6
"2024-03-28 04:00:00 EDT",1711612800,99.85,101.99,W,27,19,,60,-5.6,1.3,,,24100,,,7,,,1.9,1.3
"2024-03-28 03:00:00 EDT",1711609200,99.86,102,WNW,28,19,,61,-5,1.9,,,24100,,,8,,,2.1,1.9
"2024-03-28 02:00:00 EDT",1711605600,99.86,101.99,W,27,18,30,61,-4.8,2,,,24100,,,8,,,2.5,2
"2024-03-28 01:00:00 EDT",1711602000,99.79,101.91,W,28,18,,62,-4.2,2.5,,,24100,,,8,,,2.6,2.4
"2024-03-28 00:00:00 EDT",1711598400,99.77,101.9,W,28,28,,59,-4.7,2.6,,,24100,,,7,,,3.2,2.5
"2024-03-27 23:00:00 EDT",1711594800,99.76,101.89,WNW,28,21,35,69,-2.1,3.1,,,24100,,,8,,,3.6,3.1
"2024-03-27 22:00:00 EDT",1711591200,99.73,101.86,W,28,18,,72,-1,3.6,,,24100,,,8,,,4,3.6
"2024-03-27 21:00:00 EDT",1711587600,99.71,101.84,W,27,12,,73,-0.4,4,,,24100,,,8,,,4.6,4
"2024-03-27 20:00:00 EDT",1711584000,99.63,101.76,WNW,29,12,,76,0.6,4.4,,,19300,,,8,,,4.7,4.4
"2024-03-27 19:00:00 EDT",1711580400,99.61,101.73,W,28,16,,75,0.6,4.8,,,24100,,,7,,,5.3,4.7
"2024-03-27 18:00:00 EDT",1711576800,99.58,101.69,WNW,29,24,33,75,1.1,5.2,,,24100,,,8,,,6.9,5.2
"2024-03-27 17:00:00 EDT",1711573200,99.5,101.61,SW,22,23,39,64,0.2,6.5,,,24100,,,8,,,7.1,6.4
"2024-03-27 16:00:00 EDT",1711569600,99.44,101.55,WSW,24,23,34,76,3.1,7,,,24100,,,8,,,7.8,6
"2024-03-27 15:00:00 EDT",1711566000,99.29,101.39,WSW,26,31,42,72,2.9,7.6,,,24100,,,8,,,9.4,7.6
"2024-03-27 14:00:00 EDT",1711562400,99.28,101.38,SSW,21,31,,62,1.9,8.8,,,24100,,,7,,,10.3,8.8
"2024-03-27 13:00:00 EDT",1711558800,99.29,101.39,SW,23,27,40,63,4.1,10.7,,,24100,,,8,,,10.7,8.8
"2024-03-27 12:00:00 EDT",1711555200,99.25,101.35,SW,24,26,,65,2.7,9,,,24100,,,7,,,10.1,8.2
"2024-03-27 11:00:00 EDT",1711551600,99.2,101.3,SW,22,21,34,66,2.9,8.9,,,24100,,,6,,,9.3,6.8
"2024-03-27 10:00:00 EDT",1711548000,99.17,101.27,WSW,25,26,,78,3.1,6.7,,,24100,,,7,,,7.5,6.6
"2024-03-27 09:00:00 EDT",1711544400,99.09,101.19,WSW,24,18,28,82,4.4,7.2,,,24100,,,7,,,7.5,6.9
"2024-03-27 08:00:00 EDT",1711540800,99.04,101.14,SW,21,15,,81,4,7,,,24100,,,5,,,7.2,6.6
"2024-03-27 07:00:00 EDT",1711537200,98.93,101.03,SW,23,20,30,85,4.8,7.2,,,24100,,,8,,,7.8,7.1
"2024-03-27 06:00:00 EDT",1711533600,98.82,100.91,SW,23,26,40,83,5.2,7.9,,,24100,,,8,,,8.5,7.9
"2024-03-27 05:00:00 EDT",1711530000,98.73,100.82,S,18,13,,100,8.2,8.2,,,19300,,,8,,,8.2,7.6
"2024-03-27 04:00:00 EDT",1711526400,98.69,100.78,S,17,12,,100,7.8,7.8,,,19300,,,8,,,7.8,7
"2024-03-27 03:00:00 EDT",1711522800,98.69,100.78,SSE,15,15,,100,7,7,,,19300,,,8,,,7,6.6
"2024-03-27 02:00:00 EDT",1711519200,98.65,100.74,SSE,15,9,,100,6.6,6.6,,,16100,,,8,,,6.7,6.6
"2024-03-27 01:00:00 EDT",1711515600,98.66,100.75,SE,14,9,,100,6.6,6.6,,,16100,,,8,,,6.8,6.6
"2024-03-27 00:00:00 EDT",1711512000,98.67,100.77,SE,14,10,,100,6.6,6.6,,,9700,,,8,,,7.3,6.6
"2024-03-26 23:00:00 EDT",1711508400,98.71,100.8,SE,14,14,,100,7,7.1,,,8100,,,8,,,7.3,7
"2024-03-26 22:00:00 EDT",1711504800,98.73,100.82,SSE,15,9,,97,6.6,7,,,19300,,,8,,,7.2,7
"2024-03-26 21:00:00 EDT",1711501200,98.71,100.8,ESE,11,16,,94,6.2,7.1,,,19300,,,8,,,7.6,7
"2024-03-26 20:00:00 EDT",1711497600,98.81,100.91,ESE,12,12,,79,4.2,7.7,,,19300,,,8,,,7.7,7.2
"2024-03-26 19:00:00 EDT",1711494000,98.88,100.98,E,9,12,,78,3.7,7.3,,,24100,,,8,,,8,7.2
"2024-03-26 18:00:00 EDT",1711490400,98.95,101.05,E,9,12,,70,2.5,7.7,,,24100,,,8,,,10,7.7
"2024-03-26 17:00:00 EDT",1711486800,99.01,101.11,E,10,12,,56,1.1,9.5,,,24100,,,8,,,10,9.4
"2024-03-26 16:00:00 EDT",1711483200,99.04,101.14,ESE,12,14,,55,0.8,9.4,,,24100,,,8,,,9.4,8.9
"2024-03-26 15:00:00 EDT",1711479600,99.14,101.24,ESE,11,12,,52,-0.3,9.1,,,24100,,,8,,,9.1,8.1
"2024-03-26 14:00:00 EDT",1711476000,99.22,101.32,SE,13,11,,59,0.6,8,,,24100,,,8,,,8,7.2
"2024-03-26 13:00:00 EDT",1711472400,99.37,101.48,SSE,16,13,,63,0.8,7.2,,,24100,,,8,,,7.4,5.5
"2024-03-26 12:00:00 EDT",1711468800,99.41,101.52,S,17,15,33,76,1.6,5.5,,,16100,,,8,,,8.2,5.5
"2024-03-26 11:00:00 EDT",1711465200,99.41,101.52,SE,14,13,28,48,-2.3,8,,,24100,,,8,,,8.2,7.6
"2024-03-26 10:00:00 EDT",1711461600,99.41,101.52,ESE,12,17,30,46,-3.1,7.8,,,24100,,,8,,,7.8,7.4
"2024-03-26 09:00:00 EDT",1711458000,99.42,101.53,ESE,11,23,32,47,-3.1,7.5,,,24100,,,8,,,7.5,6.6
"2024-03-26 08:00:00 EDT",1711454400,99.41,101.52,SE,13,8,,53,-2.2,6.7,,,24100,,,8,,,6.7,6.5
"2024-03-26 07:00:00 EDT",1711450800,99.36,101.47,ESE,10,16,,54,-2.2,6.5,,,24100,,,7,,,6.7,6.3
"2024-03-26 06:00:00 EDT",1711447200,99.34,101.45,ESE,10,19,,55,-2.2,6.3,,,24100,,,8,,,6.3,5.4
"2024-03-26 05:00:00 EDT",1711443600,99.43,101.54,E,9,9,,60,-1.7,5.4,,,24100,,,8,,,5.5,5.2
"2024-03-26 04:00:00 EDT",1711440000,99.47,101.58,E,9,11,,61,-1.4,5.4,,,24100,,,7,,,6,5.3
"2024-03-26 03:00:00 EDT",1711436400,99.6,101.71,E,9,8,,61,-1.4,5.5,,,24100,,,7,,,6.3,5.4
"2024-03-26 02:00:00 EDT",1711432800,99.55,101.66,E,9,15,,56,-1.9,6.2,,,24100,,,5,,,6.2,4.8
"2024-03-26 01:00:00 EDT",1711429200,99.63,101.75,E,10,9,,68,-0.4,4.9,,,24100,,,4,,,5.7,4.8
"2024-03-26 00:00:00 EDT",1711425600,99.58,101.71,ESE,10,15,,66,-0.2,5.6,,,24100,,,4,,,6.2,5.6
"2024-03-25 23:00:00 EDT",1711422000,99.62,101.75,E,9,19,35,61,-0.7,6.2,,,24100,,,3,,,6.6,6.1
"2024-03-25 22:00:00 EDT",1711418400,99.7,101.83,E,9,21,32,57,-1.5,6.4,,,24100,,,3,,,6.9,6.4
"2024-03-25 21:00:00 EDT",1711414800,99.77,101.91,E,8,18,,52,-2.4,6.7,,,24100,,,4,,,6.9,6.5
"2024-03-25 20:00:00 EDT",1711411200,99.79,101.93,E,8,20,,52,-2.7,6.4,,,24100,,,6,,,7.2,6.4
"2024-03-25 19:00:00 EDT",1711407600,99.89,102.03,ENE,8,17,,50,-2.6,7.2,,,24100,,,6,,,8.3,7.2
"2024-03-25 18:00:00 EDT",1711404000,99.94,102.08,ENE,7,21,,48,-2.5,7.8,,,24100,,,2,,,8.8,7.8
"2024-03-25 17:00:00 EDT",1711400400,99.95,102.09,E,8,21,35,48,-2.3,8.1,,,24100,,,2,,,9,7.5
"2024-03-25 16:00:00 EDT",1711396800,99.99,102.13,E,8,22,33,47,-2,8.6,,,24100,,,4,,,9.6,7.6
"2024-03-25 15:00:00 EDT",1711393200,100.08,102.22,E,9,15,,44,-2.3,9.3,,,24100,,,7,,,9.4,8
"2024-03-25 14:00:00 EDT",1711389600,100.16,102.31,E,8,13,30,47,-2.9,7.8,,,24100,,,2,,,8.2,6.7
"2024-03-25 13:00:00 EDT",1711386000,100.23,102.38,ESE,11,18,,47,-3.9,6.7,,,24100,,,2,,,6.7,4.8
"2024-03-25 12:00:00 EDT",1711382400,100.31,102.47,SE,14,17,,50,-4.7,4.9,,,24100,,,5,,,5.8,4.6
"2024-03-25 11:00:00 EDT",1711378800,100.32,102.48,ESE,11,18,,51,-4.7,4.5,,,24100,,,7,,,5,3.5
"2024-03-25 10:00:00 EDT",1711375200,100.39,102.55,ESE,11,11,,58,-3.8,3.5,,,24100,,,5,,,3.5,1.7
"2024-03-25 09:00:00 EDT",1711371600,100.38,102.55,ESE,10,16,,64,-4.4,1.7,,,24100,,,7,,,1.7,0.5
"2024-03-25 08:00:00 EDT",1711368000,100.37,102.54,E,10,10,,67,-4.9,0.5,,,24100,,,3,,,0.5,-0.8
"2024-03-25 07:00:00 EDT",1711364400,100.37,102.54,E,10,8,,68,-5.8,-0.6,-3,,24100,,,2,,,-0.4,-0.8
"2024-03-25 06:00:00 EDT",1711360800,100.36,102.53,E,8,13,,65,-6.5,-0.6,-5,,24100,,,1,,,-0.5,-0.8
"2024-03-25 05:00:00 EDT",1711357200,100.42,102.59,ESE,10,14,,63,-6.7,-0.6,-5,,24100,,,1,,,-0.3,-0.7
"2024-03-25 04:00:00 EDT",1711353600,100.48,102.65,ESE,10,23,,62,-6.7,-0.3,-6,,24100,,,6,,,-0.2,-0.4
"2024-03-25 03:00:00 EDT",1711350000,100.56,102.73,ESE,10,13,28,57,-8,-0.4,-5,,24100,,,7,,,-0.4,-0.6
"2024-03-25 02:00:00 EDT",1711346400,100.64,102.82,ESE,10,21,31,52,-9.2,-0.5,-6,,24100,,,7,,,-0.5,-0.8
"2024-03-25 01:00:00 EDT",1711342800,100.67,102.85,ESE,10,15,,61,-7.2,-0.6,-5,,24100,,,7,,,-0.5,-0.7
"2024-03-25 00:00:00 EDT",1711339200,100.68,102.86,ESE,10,19,32,55,-8.4,-0.6,-6,,24100,,,7,,,-0.5,-0.9
"2024-03-24 23:00:00 EDT",1711335600,100.68,102.86,ESE,10,18,,46,-11,-0.8,-6,,24100,,,6,,,-0.8,-1.2
"2024-03-24 22:00:00 EDT",1711332000,100.72,102.91,ESE,10,20,,49,-10.4,-1.1,-7,,24100,,,4,,,-1,-1.4
"2024-03-24 21:00:00 EDT",1711328400,100.7,102.89,ESE,11,14,,48,-10.8,-1.1,-6,,24100,,,6,,,-1,-1.5
"2024-03-24 20:00:00 EDT",1711324800,100.67,102.86,ESE,11,12,,45,-11.9,-1.3,-5,,24100,,,5,,,-1,-1.4
"2024-03-24 19:00:00 EDT",1711321200,100.72,102.91,SE,13,11,,44,-11.7,-1,-5,,24100,,,5,,,-0.3,-1
"2024-03-24 18:00:00 EDT",1711317600,100.71,102.9,SE,14,12,,45,-11,-0.3,-4,,24100,,,4,,,0,-0.6
"2024-03-24 17:00:00 EDT",1711314000,100.68,102.87,ESE,11,15,,47,-10.3,-0.2,-5,,24100,,,2,,,0,-0.8
"2024-03-24 16:00:00 EDT",1711310400,100.73,102.92,SE,13,12,,45,-10.4,0,-4,,24100,,,3,,,0.4,-0.6
"2024-03-24 15:00:00 EDT",1711306800,100.77,102.96,SSE,14,8,,44,-11.2,-0.3,-3,,24100,,,1,,,-0.2,-1.1
"2024-03-24 14:00:00 EDT",1711303200,100.81,103,SE,12,7,,42,-12.3,-0.9,-3,,24100,,,0,,,-0.6,-1.5
"2024-03-24 13:00:00 EDT",1711299600,100.82,103.01,NW,31,4,,37,-14.2,-1.2,-3,,24100,,,0,,,-0.7,-2.1
"2024-03-24 12:00:00 EDT",1711296000,100.86,103.05,,36,1,,41,-13.4,-1.8,-2,,24100,,,0,,,-1.8,-2.7
"2024-03-24 11:00:00 EDT",1711292400,100.8,102.99,NNE,1,8,,41,-14.4,-2.8,-6,,24100,,,0,,,-2.8,-3.8
"2024-03-24 10:00:00 EDT",1711288800,100.77,102.96,NE,3,13,,43,-14.6,-3.9,-9,,24100,,,0,,,-3.7,-4.8
"2024-03-24 09:00:00 EDT",1711285200,100.72,102.91,NE,3,8,,61,-11.2,-4.8,-8,,24100,,,0,,,-4.8,-6.5
"2024-03-24 08:00:00 EDT",1711281600,100.65,102.84,,36,2,,68,-11.3,-6.4,-7,,24100,,,0,,,-6.4,-7.5
"2024-03-24 07:00:00 EDT",1711278000,100.56,102.75,NNE,3,8,,69,-11.8,-7.1,-11,,24100,,,0,,,-6.5,-7.2
"2024-03-24 06:00:00 EDT",1711274400,100.5,102.69,NNE,1,10,,68,-12,-7,-12,,24100,,,0,,,-6.3,-7.2
"2024-03-24 05:00:00 EDT",1711270800,100.46,102.64,NW,32,14,,66,-11.8,-6.3,-12,,24100,,,0,,,-5.5,-6.4
"2024-03-24 04:00:00 EDT",1711267200,100.41,102.59,NW,32,14,,63,-12.1,-6.2,-12,,24100,,,0,,,-5.8,-6.5
"2024-03-24 03:00:00 EDT",1711263600,100.41,102.59,NW,31,16,,59,-12.8,-6.1,-12,,24100,,,0,,,-5.5,-6.2
"2024-03-24 02:00:00 EDT",1711260000,100.32,102.5,NW,31,21,,56,-12.9,-5.4,-12,,24100,,,0,,,-5,-5.5
"2024-03-24 01:00:00 EDT",1711256400,100.27,102.45,NW,31,18,,55,-12.7,-5,-11,,24100,,,0,,,-4.3,-5
"2024-03-24 00:00:00 EDT",1711252800,100.26,102.44,NW,30,22,,53,-12.7,-4.3,-11,,24100,,,0,,,-3.6,-4.4
"2024-03-23 23:00:00 EDT",1711249200,100.24,102.42,WNW,30,23,,53,-11.9,-3.7,-10,,24100,,,0,,,-2.7,-3.7
"2024-03-23 22:00:00 EDT",1711245600,100.21,102.39,NNW,33,26,,52,-11.2,-2.7,-10,,24100,,,0,,,-2.2,-2.8
"2024-03-23 21:00:00 EDT",1711242000,100.17,102.35,NNW,33,25,34,52,-10.8,-2.2,-9,,24100,,,0,,,-1.9,-2.4
"2024-03-23 20:00:00 EDT",1711238400,100.11,102.29,NNW,34,24,34,53,-10.3,-1.9,-8,,24100,,,1,,,-0.9,-1.9
"2024-03-23 19:00:00 EDT",1711234800,100.02,102.2,NNW,33,34,48,59,-8,-1,-8,,24100,,,1,,,1.5,-1
"2024-03-23 18:00:00 EDT",1711231200,100,102.18,NNW,34,33,46,70,-5.5,-0.6,-8,,24100,,,6,,,1.8,-0.6
"2024-03-23 17:00:00 EDT",1711227600,99.93,102.1,NNW,34,23,39,50,-7.7,1.6,,,24100,,,3,,,2,1.4
"2024-03-23 16:00:00 EDT",1711224000,99.9,102.07,NNW,34,28,38,50,-7.8,1.5,,,24100,,,1,,,1.7,1.1
"2024-03-23 15:00:00 EDT",1711220400,99.89,102.06,NW,32,34,,47,-8.8,1.2,,,24100,,,1,,,1.4,0
"2024-03-23 14:00:00 EDT",1711216800,99.92,102.09,NNW,33,21,,56,-7.9,0,-5,,24100,,,0,,,0,-1.4
"2024-03-23 13:00:00 EDT",1711213200,99.98,102.15,NW,32,18,,65,-7.2,-1.4,-7,,24100,,,0,,,-1.4,-2.5
"2024-03-23 12:00:00 EDT",1711209600,100.01,102.19,NNW,33,16,,68,-7.6,-2.5,-8,,24100,,,1,,,-2.5,-3.7
"2024-03-23 11:00:00 EDT",1711206000,100.02,102.2,N,35,23,,73,-7.9,-3.6,-10,,24100,,,2,,,-3.6,-4.5
"2024-03-23 10:00:00 EDT",1711202400,99.98,102.16,NNW,34,28,,76,-8.1,-4.4,-12,,24100,,,4,,,-4.3,-5.6
"2024-03-23 09:00:00 EDT",1711198800,99.95,102.13,N,35,19,,79,-8.7,-5.6,-12,,24100,,,3,,,-5.6,-7.1
"2024-03-23 08:00:00 EDT",1711195200,99.93,102.11,NNW,34,17,,83,-9.6,-7.1,-14,,24100,,,4,,,-7.1,-7.7
"2024-03-23 07:00:00 EDT",1711191600,99.9,102.08,N,36,21,,84,-9.7,-7.5,-15,,24100,,,5,,,-6.6,-7.6
"2024-03-23 06:00:00 EDT",1711188000,99.87,102.05,NNE,1,19,,84,-8.9,-6.6,-13,,24100,,,7,,,-6.3,-6.7
"2024-03-23 05:00:00 EDT",1711184400,99.82,102,N,35,21,,85,-8.8,-6.6,-14,,24100,,,5,,,-5.3,-6.6
"2024-03-23 04:00:00 EDT",1711180800,99.85,102.03,N,0,18,,83,-7.7,-5.3,-12,,24100,,,7,,,-5.2,-5.5
"2024-03-23 03:00:00 EDT",1711177200,99.87,102.05,NNE,3,18,28,84,-7.9,-5.6,-12,,24100,,,7,,,-5.4,-5.6
"2024-03-23 02:00:00 EDT",1711173600,99.89,102.07,NE,3,23,,86,-7.5,-5.5,-13,,8100,,,8,,,-5.3,-5.5
"2024-03-23 01:00:00 EDT",1711170000,99.94,102.12,NE,4,17,,87,-7.1,-5.3,-11,,8100,,,8,,,-5.1,-5.3
"2024-03-23 00:00:00 EDT",1711166400,99.98,102.16,NE,4,18,,89,-6.7,-5.1,-11,,6400,,,8,,,-5,-5.2
"2024-03-22 23:00:00 EDT",1711162800,100.01,102.19,ENE,6,17,,89,-6.6,-5.1,-11,,4800,,,8,,,-4.7,-5.1
"2024-03-22 22:00:00 EDT",1711159200,100.04,102.22,NE,5,17,,91,-6,-4.7,-11,,4800,,,8,,,-3.8,-4.7
"2024-03-22 21:00:00 EDT",1711155600,100.08,102.26,NE,4,17,,94,-5.2,-4.3,-10,,2800,,,2,,,-3.7,-4.3
"2024-03-22 20:00:00 EDT",1711152000,100.12,102.3,ENE,7,16,,93,-4.8,-3.8,-9,,2000,,,,,,-3.8,-4.1
"2024-03-22 19:00:00 EDT",1711148400,100.16,102.34,E,8,17,,91,-5.3,-4,-10,,1600,,,,,,-3.9,-4.3
"2024-03-22 18:00:00 EDT",1711144800,100.17,102.36,ENE,7,12,,93,-5.1,-4.2,-9,,1600,,,,,,-4.2,-4.5
"2024-03-22 17:00:00 EDT",1711141200,100.25,102.44,ENE,7,17,28,88,-6,-4.4,-10,,1600,,,,,,-4.2,-4.5
"2024-03-22 16:00:00 EDT",1711137600,100.31,102.5,E,9,9,,91,-5.6,-4.4,-8,,1600,,,1,,,-4,-4.5
"2024-03-22 15:00:00 EDT",1711134000,100.36,102.55,ESE,11,15,31,90,-5.5,-4.2,-10,,800,,,,,,-3.5,-4.2
"2024-03-22 14:00:00 EDT",1711130400,100.41,102.6,SE,12,17,,84,-6.1,-3.8,-10,,1600,,,2,,,-3.1,-3.8
"2024-03-22 13:00:00 EDT",1711126800,100.49,102.68,SE,13,17,28,80,-6.3,-3.2,-9,,9700,,,8,,,-3.1,-3.9
"2024-03-22 12:00:00 EDT",1711123200,100.6,102.8,SE,14,12,,90,-5,-3.6,-8,,1200,,,2,,,-3.3,-4
"2024-03-22 11:00:00 EDT",1711119600,100.63,102.83,SE,13,14,,89,-5.5,-3.9,-9,,800,,,,,,-3.3,-4
"2024-03-22 10:00:00 EDT",1711116000,100.63,102.82,SE,12,14,,69,-8.4,-3.5,-9,,9700,,,8,,,-3.3,-4.5
"2024-03-22 09:00:00 EDT",1711112400,100.66,102.85,E,8,8,,61,-10.6,-4.2,-8,,24100,,,8,,,-4.2,-5.2
"2024-03-22 08:00:00 EDT",1711108800,100.69,102.89,NE,4,7,,65,-10.8,-5.2,-8,,24100,,,7,,,-5.2,-5.7
"2024-03-22 07:00:00 EDT",1711105200,100.67,102.86,NE,3,6,,67,-10.9,-5.7,-9,,24100,,,7,,,-5.7,-7
"2024-03-22 06:00:00 EDT",1711101600,100.66,102.86,WSW,25,4,,67,-11.9,-6.8,-9,,24100,,,7,,,-6.4,-7.3
"2024-03-22 05:00:00 EDT",1711098000,100.68,102.88,W,27,7,,71,-11.6,-7.2,-11,,24100,,,5,,,-6.5,-7.7
"2024-03-22 04:00:00 EDT",1711094400,100.71,102.91,,36,2,,67,-12.3,-7.1,-8,,24100,,,2,,,-7,-7.5
"2024-03-22 03:00:00 EDT",1711090800,100.72,102.91,,36,1,,68,-12.2,-7.2,-8,,24100,,,0,,,-7.1,-8.4
"2024-03-22 02:00:00 EDT",1711087200,100.76,102.96,WSW,25,9,,69,-12.4,-7.6,-12,,24100,,,0,,,-7.3,-8.4
"2024-03-22 01:00:00 EDT",1711083600,100.73,102.93,WSW,24,10,,67,-12.9,-7.8,-13,,24100,,,1,,,-7,-7.8
"2024-03-22 00:00:00 EDT",1711080000,100.73,102.93,WSW,24,10,,61,-13.2,-6.9,-12,,24100,,,1,,,-6.1,-7.1
"2024-03-21 23:00:00 EDT",1711076400,100.69,102.89,W,26,10,,61,-13.8,-7.5,-12,,24100,,,0,,,-5.3,-7.7
"2024-03-21 22:00:00 EDT",1711072800,100.67,102.87,NW,31,10,,49,-14.6,-5.5,-10,,24100,,,1,,,-4.9,-5.7
"2024-03-21 21:00:00 EDT",1711069200,100.63,102.83,NNW,34,18,,46,-14.8,-5,-11,,24100,,,1,,,-4.4,-5.1
"2024-03-21 20:00:00 EDT",1711065600,100.57,102.77,NW,32,21,,44,-15.1,-4.5,-11,,24100,,,1,,,-3.6,-4.5
"2024-03-21 19:00:00 EDT",1711062000,100.49,102.68,NW,30,27,36,40,-15.1,-3.5,-11,,24100,,,2,,,-2.9,-3.6
"2024-03-21 18:00:00 EDT",1711058400,100.43,102.62,WNW,29,31,,43,-14.3,-3.4,-11,,24100,,,6,,,-2.8,-3.5
"2024-03-21 17:00:00 EDT",1711054800,100.4,102.59,WNW,28,27,39,43,-13.6,-2.7,-10,,24100,,,7,,,-1.9,-3
"2024-03-21 16:00:00 EDT",1711051200,100.36,102.55,WNW,29,32,42,40,-14.5,-2.6,-10,,24100,,,7,,,-1.7,-2.9
"2024-03-21 15:00:00 EDT",1711047600,100.32,102.5,W,27,38,48,38,-14.2,-1.6,-9,,24100,,,7,,,-1,-2.8
"2024-03-21 14:00:00 EDT",1711044000,100.32,102.5,NW,32,34,48,38,-14.8,-2.4,-10,,24100,,,7,,,-1.2,-2.6
"2024-03-21 13:00:00 EDT",1711040400,100.32,102.5,WNW,29,37,47,36,-14.9,-1.8,-10,,24100,,,6,,,-1.4,-3.3
"2024-03-21 12:00:00 EDT",1711036800,100.28,102.46,NW,31,25,37,40,-14.1,-2.3,-9,,24100,,,6,,,-1.9,-3.9
"2024-03-21 11:00:00 EDT",1711033200,100.27,102.45,NW,31,29,,45,-14.3,-3.9,-11,,24100,,,7,,,-3.8,-4.6
"2024-03-21 10:00:00 EDT",1711029600,100.2,102.39,NW,31,24,35,53,-13,-4.7,-12,,24100,,,8,,,-4.5,-5.4
"2024-03-21 09:00:00 EDT",1711026000,100.15,102.33,NW,30,22,,55,-13,-5.2,-12,,24100,,,8,,,-5.2,-6
"2024-03-21 08:00:00 EDT",1711022400,100.07,102.25,WNW,29,19,,58,-13,-6,-13,,24100,,,7,,,-6,-6.3
"2024-03-21 07:00:00 EDT",1711018800,99.99,102.17,WNW,28,21,33,60,-12.8,-6.2,-13,,24100,,,7,,,-6.2,-7.1
"2024-03-21 06:00:00 EDT",1711015200,99.92,102.1,W,27,22,,64,-12.8,-7.1,-15,,24100,,,3,,,-6.8,-7.5
"2024-03-21 05:00:00 EDT",1711011600,99.83,102.01,W,28,23,,62,-12.8,-6.7,-14,,24100,,,1,,,-6.2,-6.8
"2024-03-21 04:00:00 EDT",1711008000,99.76,101.93,WNW,29,24,34,62,-12.4,-6.3,-14,,24100,,,2,,,-6.1,-6.4
"2024-03-21 03:00:00 EDT",1711004400,99.7,101.86,WNW,29,23,,64,-11.8,-6.1,-13,,24100,,,1,,,-5.7,-6.2
"2024-03-21 02:00:00 EDT",1711000800,99.64,101.81,WNW,28,24,,63,-11.8,-5.8,-13,,24100,,,2,,,-5.1,-5.9
"2024-03-21 01:00:00 EDT",1710997200,99.57,101.73,WNW,29,21,31,59,-12.2,-5.3,-12,,24100,,,1,,,-4.8,-5.4
"2024-03-21 00:00:00 EDT",1710993600,99.52,101.68,WNW,28,21,31,67,-10.5,-5.3,-12,,24100,,,1,,,-4.8,-5.5
"2024-03-20 23:00:00 EDT",1710990000,99.44,101.6,WNW,28,28,40,66,-10.3,-4.8,-12,,24100,,,2,,,-4.4,-5
"2024-03-20 22:00:00 EDT",1710986400,99.36,101.52,W,28,27,,72,-9.1,-4.9,-12,,24100,,,2,,,-4.2,-5
"2024-03-20 21:00:00 EDT",1710982800,99.27,101.43,WNW,29,29,,70,-9.1,-4.4,-12,,24100,,,1,,,-3.8,-4.7
"2024-03-20 20:00:00 EDT",1710979200,99.17,101.32,WNW,29,34,,64,-9.6,-3.8,-12,,24100,,,3,,,-2.8,-3.9
"2024-03-20 19:00:00 EDT",1710975600,99.03,101.18,WNW,29,37,53,59,-9.9,-3,-11,,24100,,,4,,,-2,-3
"2024-03-20 18:00:00 EDT",1710972000,98.88,101.02,WNW,29,47,61,60,-9.3,-2.4,-11,,24100,,,5,,,-0.3,-3.5
"2024-03-20 17:00:00 EDT",1710968400,98.78,100.92,WNW,29,57,70,73,-6.8,-2.6,-12,,2400,,,,,,0.5,-3.4
"2024-03-20 16:00:00 EDT",1710964800,98.59,100.72,W,27,50,69,56,-8.4,-0.6,-9,,24100,,,7,,,1.5,-0.8
"2024-03-20 15:00:00 EDT",1710961200,98.51,100.63,WNW,28,41,62,41,-10.7,1.1,,,24100,,,6,,,1.1,-0.6
"2024-03-20 14:00:00 EDT",1710957600,98.44,100.57,W,27,43,54,48,-9.9,-0.2,-8,,24100,,,6,,,0.3,-1
"2024-03-20 13:00:00 EDT",1710954000,98.38,100.5,W,27,40,57,53,-8.6,-0.2,-8,,24100,,,6,,,0.2,-0.9
"2024-03-20 12:00:00 EDT",1710950400,98.28,100.39,NW,30,42,53,49,-9.9,-0.3,-8,,24100,,,8,,,-0.1,-0.9
"2024-03-20 11:00:00 EDT",1710946800,98.23,100.34,NW,30,38,49,61,-7.2,-0.5,-8,,24100,,,5,,,-0.3,-1.4
"2024-03-20 10:00:00 EDT",1710943200,98.2,100.31,NW,30,36,47,65,-7.1,-1.3,-9,,24100,,,7,,,-1,-1.6
"2024-03-20 09:00:00 EDT",1710939600,98.15,100.26,WNW,29,34,,71,-5.7,-1.1,-8,,24100,,,8,,,-0.9,-1.5
"2024-03-20 08:00:00 EDT",1710936000,98.13,100.24,W,27,15,,91,-2.6,-1.4,-6,,24100,,,7,,,-1.4,-1.8
"2024-03-20 07:00:00 EDT",1710932400,98.1,100.21,WNW,29,9,,97,-2.2,-1.7,-5,,4000,,,6,,,0.2,-1.8
"2024-03-20 06:00:00 EDT",1710928800,98.09,100.2,NW,30,27,,82,-3.2,-0.5,-7,,6400,,,8,,,0.3,-0.5
"2024-03-20 05:00:00 EDT",1710925200,98.05,100.16,WSW,25,17,,80,-2.8,0.3,,,24100,,,8,,,0.3,-0.3
"2024-03-20 04:00:00 EDT",1710921600,98.05,100.16,WSW,25,16,,78,-3.4,0.1,,,24100,,,7,,,0.4,-0.2
"2024-03-20 03:00:00 EDT",1710918000,98.06,100.17,WSW,24,14,,83,-2.5,0.1,,,24100,,,8,,,0.2,-0.9
"2024-03-20 02:00:00 EDT",1710914400,98.04,100.15,W,27,17,,79,-3.7,-0.4,-5,,24100,,,1,,,0.3,-0.4
"2024-03-20 01:00:00 EDT",1710910800,98.03,100.14,WNW,28,21,,78,-3.1,0.3,,,24100,,,6,,,0.7,0.2
"2024-03-20 00:00:00 EDT",1710907200,98.02,100.13,W,27,13,,80,-2.9,0.2,,,24100,,,6,,,0.8,0.1
"2024-03-19 23:00:00 EDT",1710903600,98.01,100.12,WSW,24,13,,80,-2.6,0.5,,,24100,,,6,,,1.1,0.4
"2024-03-19 22:00:00 EDT",1710900000,98.04,100.15,WSW,24,21,,78,-2.3,1.1,,,24100,,,8,,,1.2,0.8
"2024-03-19 21:00:00 EDT",1710896400,98.02,100.13,SW,23,14,,79,-2.2,1,,,19300,,,8,,,1,0.5
"2024-03-19 20:00:00 EDT",1710892800,98.04,100.15,SW,23,15,,82,-2.1,0.5,,,9700,,,8,,,0.6,0.4
"2024-03-19 19:00:00 EDT",1710889200,98.04,100.15,WSW,24,23,,84,-2,0.4,,,9700,,,8,,,0.4,0.3
"2024-03-19 18:00:00 EDT",1710885600,98.01,100.12,WSW,24,24,37,81,-2.6,0.3,,,16100,,,8,,,0.3,-0.1
"2024-03-19 17:00:00 EDT",1710882000,98,100.11,WSW,25,35,,85,-2.2,0.1,,,9700,,,8,,,0.2,-0.3
"2024-03-19 16:00:00 EDT",1710878400,97.99,100.1,WSW,23,25,,95,-0.8,-0.2,-6,,1600,,,3,,,0,-0.3
"2024-03-19 15:00:00 EDT",1710874800,97.98,100.09,SW,22,16,27,97,-0.7,-0.3,-5,,1200,,,2,,,0.8,-0.3
"2024-03-19 14:00:00 EDT",1710871200,98.09,100.2,SW,23,30,45,85,-1.8,0.4,,,4800,,,8,,,0.8,0.2
"2024-03-19 13:00:00 EDT",1710867600,98.19,100.3,SW,23,28,39,86,-1.4,0.8,,,3600,,,8,,,1,-0.2
"2024-03-19 12:00:00 EDT",1710864000,98.31,100.43,SW,22,22,38,73,-3.4,0.9,,,24100,,,8,,,0.9,-0.4
"2024-03-19 11:00:00 EDT",1710860400,98.44,100.57,SW,22,26,36,76,-4,-0.3,-6,,9700,,,8,,,-0.1,-0.4
"2024-03-19 10:00:00 EDT",1710856800,98.52,100.65,SW,22,28,38,69,-5.5,-0.5,-7,,24100,,,8,,,-0.4,-0.9
"2024-03-19 09:00:00 EDT",1710853200,98.56,100.69,WSW,24,30,50,71,-5.5,-1,-8,,24100,,,8,,,-0.9,-1.6
"2024-03-19 08:00:00 EDT",1710849600,98.62,100.76,WSW,24,28,,77,-5.2,-1.6,-8,,24100,,,7,,,-1.6,-1.9
"2024-03-19 07:00:00 EDT",1710846000,98.67,100.81,WSW,24,24,,77,-5.4,-1.9,-8,,24100,,,8,,,-1.7,-1.9
"2024-03-19 06:00:00 EDT",1710842400,98.73,100.87,W,26,28,,75,-5.5,-1.8,-9,,24100,,,8,,,-1.7,-1.9
"2024-03-19 05:00:00 EDT",1710838800,98.78,100.92,W,26,16,,86,-3.8,-1.9,-7,,19300,,,8,,,-1.5,-1.9
"2024-03-19 04:00:00 EDT",1710835200,98.84,100.98,WSW,24,18,,77,-5.2,-1.7,-7,,24100,,,8,,,-1.3,-1.7
"2024-03-19 03:00:00 EDT",1710831600,98.9,101.04,W,26,19,,71,-5.8,-1.3,-7,,24100,,,7,,,-0.9,-1.4
"2024-03-19 02:00:00 EDT",1710828000,98.91,101.05,W,28,20,,60,-7.9,-1,-7,,24100,,,7,,,-0.6,-1
"2024-03-19 01:00:00 EDT",1710824400,98.94,101.08,WNW,29,18,28,63,-7,-0.8,-6,,24100,,,8,,,-0.8,-1.1
"2024-03-19 00:00:00 EDT",1710820800,98.98,101.12,WNW,29,22,32,59,-7.9,-0.9,-7,,24100,,,7,,,-0.8,-1.1
"2024-03-18 23:00:00 EDT",1710817200,99.01,101.15,WNW,30,30,,57,-8.2,-0.8,-8,,24100,,,7,,,-0.8,-1.3
"2024-03-18 22:00:00 EDT",1710813600,99.01,101.15,NW,32,32,43,56,-8.6,-1,-8,,24100,,,7,,,-0.7,-1
"2024-03-18 21:00:00 EDT",1710810000,98.98,101.12,WNW,29,32,41,55,-8.7,-0.8,-8,,24100,,,7,,,-0.5,-0.9
"2024-03-18 20:00:00 EDT",1710806400,98.94,101.08,WNW,29,32,43,57,-7.9,-0.5,-7,,24100,,,7,,,0.5,-0.5
"2024-03-18 19:00:00 EDT",1710802800,98.87,101.01,NW,32,30,,61,-6.3,0.5,,,24100,,,8,,,1.1,0.5
"2024-03-18 18:00:00 EDT",1710799200,98.82,100.96,NW,32,32,,61,-5.8,0.9,,,24100,,,7,,,1.6,0.9
"2024-03-18 17:00:00 EDT",1710795600,98.78,100.92,NW,31,31,41,67,-4.1,1.4,,,24100,,,8,,,1.8,0.8
"2024-03-18 16:00:00 EDT",1710792000,98.75,100.89,NW,31,28,38,68,-3.6,1.7,,,19300,,,8,,,2.2,1.2
"2024-03-18 15:00:00 EDT",1710788400,98.71,100.84,WNW,28,23,33,64,-4.1,1.9,,,16100,,,8,,,2,1.6
"2024-03-18 14:00:00 EDT",1710784800,98.73,100.86,NNW,33,18,,74,-2.5,1.8,,,16100,,,8,,,3,0.5
"2024-03-18 13:00:00 EDT",1710781200,98.71,100.84,WSW,24,26,,71,-2.8,1.9,,,24100,,,8,,,3,0.9
"2024-03-18 12:00:00 EDT",1710777600,98.74,100.87,W,26,28,43,72,-3.1,1.3,,,24100,,,8,,,2.4,0.9
"2024-03-18 11:00:00 EDT",1710774000,98.73,100.86,W,27,36,46,68,-4.3,1.1,,,24100,,,6,,,1.3,0.1
"2024-03-18 10:00:00 EDT",1710770400,98.75,100.88,W,27,26,43,65,-5.1,0.7,,,24100,,,7,,,1,-1.9
"2024-03-18 09:00:00 EDT",1710766800,98.75,100.88,W,27,27,41,66,-6.7,-1.2,-8,,24100,,,7,,,-1.2,-2.1
"2024-03-18 08:00:00 EDT",1710763200,98.73,100.86,W,26,30,,66,-7.6,-2,-9,,24100,,,6,,,-1.8,-2.4
"2024-03-18 07:00:00 EDT",1710759600,98.69,100.82,W,27,28,,66,-7.7,-2.2,-9,,24100,,,7,,,-2.1,-2.5
"2024-03-18 06:00:00 EDT",1710756000,98.68,100.81,W,26,20,,69,-7.5,-2.5,-8,,24100,,,8,,,-2.2,-2.5
"2024-03-18 05:00:00 EDT",1710752400,98.64,100.76,W,26,28,,69,-7.2,-2.2,-9,,24100,,,5,,,-2.2,-2.8
"2024-03-18 04:00:00 EDT",1710748800,98.66,100.78,W,27,25,36,69,-7.3,-2.4,-9,,24100,,,2,,,-1.9,-2.4
"2024-03-18 03:00:00 EDT",1710745200,98.66,100.77,W,27,20,,72,-6.6,-2.1,-8,,24100,,,3,,,-1.2,-2.1
"2024-03-18 02:00:00 EDT",1710741600,98.63,100.75,WNW,28,23,36,70,-6.2,-1.3,-7,,24100,,,2,,,0.1,-1.3
"2024-03-18 01:00:00 EDT",1710738000,98.62,100.73,W,27,27,42,57,-7.5,0,-6,,24100,,,8,,,0.5,-0.1
"2024-03-18 00:00:00 EDT",1710734400,98.61,100.72,WNW,28,30,39,52,-8.2,0.5,,,24100,,,7,,,1.1,0.5
"2024-03-17 23:00:00 EDT",1710730800,98.63,100.75,WNW,28,32,,54,-7.3,1,,,24100,,,8,,,1.3,0.9
"2024-03-17 22:00:00 EDT",1710727200,98.61,100.72,WNW,28,25,36,57,-6.3,1.2,,,24100,,,7,,,1.5,1.1
"2024-03-17 21:00:00 EDT",1710723600,98.6,100.72,W,27,19,,59,-5.9,1.2,,,24100,,,6,,,1.8,0.7
"2024-03-17 20:00:00 EDT",1710720000,98.54,100.65,NW,30,26,,55,-6.4,1.8,,,24100,,,3,,,3.1,1.6
"2024-03-17 19:00:00 EDT",1710716400,98.47,100.58,WNW,29,25,34,54,-5.5,2.9,,,24100,,,6,,,3.4,2.7
"2024-03-17 18:00:00 EDT",1710712800,98.41,100.52,WNW,29,30,,52,-5.4,3.5,,,24100,,,8,,,4.2,3.4
"2024-03-17 17:00:00 EDT",1710709200,98.34,100.44,WNW,28,39,49,51,-5.3,4,,,24100,,,8,,,5.5,3.4
"2024-03-17 16:00:00 EDT",1710705600,98.22,100.31,WNW,29,29,,50,-4.2,5.5,,,24100,,,8,,,5.7,3.6
"2024-03-17 15:00:00 EDT",1710702000,98.18,100.27,W,26,33,43,60,-1.4,5.8,,,24100,,,7,,,5.8,2.8
"2024-03-17 14:00:00 EDT",1710698400,98.23,100.33,W,27,35,,78,-0.1,3.4,,,24100,,,7,,,5.8,0.8
"2024-03-17 13:00:00 EDT",1710694800,98.24,100.33,WSW,25,28,40,77,1.1,4.8,,,24100,,,5,,,5.3,0.8
"2024-03-17 12:00:00 EDT",1710691200,98.22,100.31,SW,23,32,43,75,0,4,,,24100,,,8,,,5.3,0.5
"2024-03-17 11:00:00 EDT",1710687600,98.18,100.28,W,27,27,,90,-0.4,1,,,24100,,,6,,,4.1,0.5
"2024-03-17 10:00:00 EDT",1710684000,98.14,100.23,WNW,28,25,,78,-0.3,3.2,,,24100,,,8,,,3.8,0.5
"2024-03-17 09:00:00 EDT",1710680400,98.11,100.21,WSW,25,17,27,96,-0.2,0.5,,,16100,,,8,,,2.4,0.5
"2024-03-17 08:00:00 EDT",1710676800,98.1,100.19,W,26,15,,84,-0.5,2,,,24100,,,8,,,2.2,1.2
"2024-03-17 07:00:00 EDT",1710673200,98.05,100.14,W,26,18,,86,-0.6,1.5,,,24100,,,2,,,1.6,1.1
"2024-03-17 06:00:00 EDT",1710669600,98,100.09,W,27,15,,87,-0.4,1.5,,,24100,,,1,,,3.6,1.5
"2024-03-17 05:00:00 EDT",1710666000,97.95,100.03,WNW,28,19,,85,1,3.3,,,24100,,,8,,,4,3.3
"2024-03-17 04:00:00 EDT",1710662400,97.9,99.98,W,27,19,,87,1.8,3.8,,,24100,,,7,,,4,3.7
"2024-03-17 03:00:00 EDT",1710658800,97.91,99.99,W,26,16,,87,1.8,3.8,,,24100,,,7,,,4.1,3.7
"2024-03-17 02:00:00 EDT",1710655200,97.87,99.95,W,27,14,,85,1.7,3.9,,,24100,,,8,,,4.8,3.9
"2024-03-17 01:00:00 EDT",1710651600,97.85,99.93,WNW,28,14,,89,2.6,4.3,,,24100,,,7,,,6.3,3.9
"2024-03-17 00:00:00 EDT",1710648000,97.84,99.92,WNW,28,21,,82,3.4,6.3,,,24100,,,6,,,7.2,6.3
"2024-03-16 23:00:00 EDT",1710644400,97.83,99.91,W,26,21,,82,4.2,7,,,24100,,,8,,,7.4,6.5
"2024-03-16 22:00:00 EDT",1710640800,97.76,99.84,WSW,24,12,,79,3.4,6.7,,,24100,,,8,,,7.1,6.6
"2024-03-16 21:00:00 EDT",1710637200,97.8,99.89,WSW,24,26,45,77,3.2,7,,,24100,,,8,,,10,5.3
"2024-03-16 20:00:00 EDT",1710633600,97.83,99.91,SW,23,36,55,67,4,9.7,,,24100,,,8,,,10,9.6
"2024-03-16 19:00:00 EDT",1710630000,97.83,99.91,SW,21,32,46,64,3.5,9.9,,,24100,,,8,,,10.1,9.6
"2024-03-16 18:00:00 EDT",1710626400,97.95,100.04,SW,22,30,,59,2.3,9.8,,,24100,,,8,,,9.9,9.6
"2024-03-16 17:00:00 EDT",1710622800,98.04,100.13,SW,22,34,47,55,1.1,9.6,,,24100,,,8,,,9.8,9
"2024-03-16 16:00:00 EDT",1710619200,98.08,100.17,SSE,16,19,40,62,2.3,9.2,,,24100,,,8,,,9.4,7.7
"2024-03-16 15:00:00 EDT",1710615600,98.22,100.32,SE,14,22,34,68,2.2,7.6,,,24100,,,8,,,8.9,7
"2024-03-16 14:00:00 EDT",1710612000,98.42,100.52,SSW,20,15,32,61,1.7,8.8,,,24100,,,8,,,8.8,6.6
"2024-03-16 13:00:00 EDT",1710608400,98.61,100.72,SSW,20,17,30,67,0.8,6.6,,,24100,,,8,,,6.6,5
"2024-03-16 12:00:00 EDT",1710604800,98.73,100.84,SW,22,24,36,73,0.6,5,,,24100,,,8,,,5,3.3
"2024-03-16 11:00:00 EDT",1710601200,98.8,100.91,SSE,16,15,,75,-0.6,3.3,,,24100,,,8,,,3.7,2.5
"2024-03-16 10:00:00 EDT",1710597600,98.92,101.03,SSW,20,16,,77,-1.2,2.4,,,24100,,,8,,,2.6,1.4
"2024-03-16 09:00:00 EDT",1710594000,99.02,101.14,SW,22,9,,81,-1.4,1.5,,,24100,,,8,,,1.5,0.9
"2024-03-16 08:00:00 EDT",1710590400,99.05,101.18,WSW,24,18,,87,-0.9,1,,,24100,,,8,,,1.2,0.8
"2024-03-16 07:00:00 EDT",1710586800,99.08,101.2,SW,23,12,,88,-0.9,0.9,,,24100,,,8,,,0.9,0
"2024-03-16 06:00:00 EDT",1710583200,99.08,101.19,WSW,24,8,,91,-1.3,0,-3,,24100,,,6,,,0.1,-0.4
"2024-03-16 05:00:00 EDT",1710579600,99.12,101.23,SW,23,9,,93,-1.3,-0.3,-3,,24100,,,5,,,-0.2,-0.9
"2024-03-16 04:00:00 EDT",1710576000,99.15,101.26,SW,23,11,,92,-1.3,-0.2,-4,,24100,,,1,,,-0.2,-1.4
"2024-03-16 03:00:00 EDT",1710572400,99.2,101.31,W,26,13,,92,-1.9,-0.7,-5,,24100,,,1,,,-0.1,-1.2
"2024-03-16 02:00:00 EDT",1710568800,99.21,101.32,W,26,12,,90,-1.6,-0.2,-4,,24100,,,1,,,1.1,-0.5
"2024-03-16 01:00:00 EDT",1710565200,99.25,101.36,W,28,17,,87,-1.1,0.7,,,24100,,,1,,,2.1,0.7
"2024-03-16 00:00:00 EDT",1710561600,99.24,101.35,WNW,28,18,,81,-0.7,2.1,,,24100,,,7,,,2.9,2.1
"2024-03-15 23:00:00 EDT",1710558000,99.24,101.35,WNW,29,24,,81,-0.1,2.7,,,24100,,,7,,,3.9,2.7
"2024-03-15 22:00:00 EDT",1710554400,99.26,101.37,NW,30,28,,78,0.4,4,,,24100,,,7,,,4.8,4
"2024-03-15 21:00:00 EDT",1710550800,99.22,101.33,NNW,33,20,,78,1,4.5,,,24100,,,6,,,4.5,3.9
"2024-03-15 20:00:00 EDT",1710547200,99.21,101.32,N,35,17,,81,1,4,,,24100,,,3,,,6.2,4
"2024-03-15 19:00:00 EDT",1710543600,99.18,101.29,N,35,17,,73,1.8,6.2,,,24100,,,5,,,8.1,6.2
"2024-03-15 18:00:00 EDT",1710540000,99.17,101.28,N,0,22,,70,2.9,8,,,24100,,,5,,,8.7,7.9
"2024-03-15 17:00:00 EDT",1710536400,99.15,101.26,ENE,6,13,,71,3.6,8.4,,,24100,,,6,,,9.2,8.4
"2024-03-15 16:00:00 EDT",1710532800,99.14,101.24,N,35,15,,72,4.3,9.1,,,24100,,,8,,,11,9.1
"2024-03-15 15:00:00 EDT",1710529200,99.11,101.21,SW,23,4,,57,3,11.1,,,24100,,,8,,,12.9,10.6
"2024-03-15 14:00:00 EDT",1710525600,99.22,101.32,NNE,2,4,,65,4.5,10.8,,,24100,,,7,,,10.8,9.3
"2024-03-15 13:00:00 EDT",1710522000,99.31,101.41,N,1,7,,62,3,9.9,,,24100,,,7,,,10.2,8.3
"2024-03-15 12:00:00 EDT",1710518400,99.4,101.51,NNE,1,8,,75,4.1,8.3,,,24100,,,7,,,8.4,7
"2024-03-15 11:00:00 EDT",1710514800,99.38,101.49,NNW,33,14,,80,3.9,7,,,24100,,,8,,,7.1,6.8
"2024-03-15 10:00:00 EDT",1710511200,99.32,101.43,N,35,16,,85,4.9,7.2,,,24100,,,8,,,7.3,6.2
"2024-03-15 09:00:00 EDT",1710507600,99.31,101.42,NNW,34,15,,87,4.5,6.4,,,24100,,,8,,,6.7,5.5
"2024-03-15 08:00:00 EDT",1710504000,99.26,101.37,N,0,18,30,91,4.2,5.5,,,24100,,,8,,,5.5,5.2
"2024-03-15 07:00:00 EDT",1710500400,99.22,101.33,N,35,23,,93,4.1,5.1,,,24100,,,8,,,5.1,4.7
"2024-03-15 06:00:00 EDT",1710496800,99.12,101.23,N,35,19,34,94,3.8,4.7,,,24100,,,7,,,4.8,4.5
"2024-03-15 05:00:00 EDT",1710493200,99.05,101.15,NNW,34,22,,96,3.9,4.5,,,24100,,,8,,,4.8,4.5
"2024-03-15 04:00:00 EDT",1710489600,98.96,101.06,N,0,22,,99,4.7,4.8,,,8100,,,8,,,5.8,4.8
"2024-03-15 03:00:00 EDT",1710486000,98.94,101.03,N,35,19,,98,5.4,5.7,,,24100,,,8,,,6,5.7
"2024-03-15 02:00:00 EDT",1710482400,98.9,100.99,N,0,18,,99,5.8,5.8,,,16100,,,8,,,5.9,5.8
"2024-03-15 01:00:00 EDT",1710478800,98.98,101.08,NE,4,12,,100,5.8,5.8,,,6400,,,8,,,6.1,5.8
"2024-03-15 00:00:00 EDT",1710475200,99.08,101.18,NE,3,16,,98,5.8,6.1,,,16100,,,8,,,6.5,6.1
"2024-03-14 23:00:00 EDT",1710471600,99.01,101.11,NE,4,22,,96,5.7,6.3,,,16100,,,8,,,6.8,6.3
"2024-03-14 22:00:00 EDT",1710468000,99.1,101.2,NNE,1,18,30,100,6.5,6.5,,,4800,,,8,,,7,6.4
"2024-03-14 21:00:00 EDT",1710464400,99.11,101.21,NE,4,10,,99,6.6,6.7,,,4000,,,8,,,6.7,6.3
"2024-03-14 20:00:00 EDT",1710460800,99.03,101.14,E,7,17,34,98,6,6.3,,,4800,,,8,,,7.1,6.3
"2024-03-14 19:00:00 EDT",1710457200,99.21,101.32,E,8,14,,93,5.6,6.8,,,9700,,,8,,,7.3,6.8
"2024-03-14 18:00:00 EDT",1710453600,99.23,101.34,ENE,7,16,,93,6.1,7.2,,,6400,,,8,,,10.1,7.2
"2024-03-14 17:00:00 EDT",1710450000,99.34,101.45,ENE,7,10,,80,4.9,8,,,9700,,,8,,,10.2,8
"2024-03-14 16:00:00 EDT",1710446400,99.38,101.49,ESE,10,8,,64,3.7,10.2,,,16100,,,8,,,10.9,10.1
"2024-03-14 15:00:00 EDT",1710442800,99.39,101.49,E,8,11,,56,2.6,10.9,,,24100,,,8,,,11.4,10.8
"2024-03-14 14:00:00 EDT",1710439200,99.54,101.65,ENE,6,4,,56,2.8,11.2,,,24100,,,8,,,11.2,10.2
"2024-03-14 13:00:00 EDT",1710435600,99.61,101.72,ESE,10,9,,57,2.2,10.3,,,24100,,,8,,,10.5,9.7
"2024-03-14 12:00:00 EDT",1710432000,99.64,101.75,ESE,10,11,,56,2.1,10.5,,,24100,,,8,,,10.6,9.3
"2024-03-14 11:00:00 EDT",1710428400,99.71,101.82,,36,2,,60,1.8,9.2,,,24100,,,8,,,9.4,7.3
"2024-03-14 10:00:00 EDT",1710424800,99.71,101.82,NNE,3,6,,68,1.8,7.3,,,24100,,,8,,,7.4,5.9
"2024-03-14 09:00:00 EDT",1710421200,99.74,101.85,,36,1,,70,1,6.1,,,24100,,,8,,,6.3,5.1
"2024-03-14 08:00:00 EDT",1710417600,99.68,101.78,WNW,28,5,,72,0.8,5.5,,,24100,,,6,,,5.5,2.4
"2024-03-14 07:00:00 EDT",1710414000,99.65,101.75,W,26,7,,74,-0.4,3.8,,,24100,,,5,,,5.3,2.6
"2024-03-14 06:00:00 EDT",1710410400,99.62,101.72,NW,30,4,,79,-0.1,3.3,,,24100,,,5,,,4.8,2.4
"2024-03-14 05:00:00 EDT",1710406800,99.54,101.63,,36,2,,80,0.8,3.9,,,24100,,,3,,,5.8,3.7
"2024-03-14 04:00:00 EDT",1710403200,99.56,101.65,NNW,34,4,,72,0.4,5.1,,,24100,,,2,,,6.4,4.4
"2024-03-14 03:00:00 EDT",1710399600,99.54,101.63,NNE,1,9,,73,1.3,5.7,,,24100,,,5,,,6.3,5
"2024-03-14 02:00:00 EDT",1710396000,99.51,101.6,WNW,29,4,,78,1.4,5,,,24100,,,5,,,7.1,4.9
"2024-03-14 01:00:00 EDT",1710392400,99.45,101.54,N,0,4,,73,1.7,6.3,,,24100,,,5,,,7.6,5.8
"2024-03-14 00:00:00 EDT",1710388800,99.44,101.53,NNW,32,10,,68,1.8,7.2,,,24100,,,3,,,8.9,7.2
"2024-03-13 23:00:00 EDT",1710385200,99.39,101.48,NNW,34,16,,64,2.4,8.7,,,24100,,,2,,,10.3,8.7
"2024-03-13 22:00:00 EDT",1710381600,99.34,101.43,NNW,34,17,,58,2.5,10.3,,,24100,,,1,,,11.9,10.3
"2024-03-13 21:00:00 EDT",1710378000,99.31,101.4,NNW,34,18,,56,3.3,11.8,,,24100,,,1,,,13.2,11.4
"2024-03-13 20:00:00 EDT",1710374400,99.23,101.32,N,35,21,,51,3.3,13.1,,,24100,,,1,,,15.9,12.9
"2024-03-13 19:00:00 EDT",1710370800,99.11,101.19,WNW,30,20,,32,-0.9,15.7,,,24100,,,3,,,17.5,15.7
"2024-03-13 18:00:00 EDT",1710367200,99,101.08,WNW,29,21,31,27,-1.5,17.3,,,24100,,,6,,,18.9,17.3
"2024-03-13 17:00:00 EDT",1710363600,98.91,100.99,WNW,30,26,,22,-3.2,18.8,,,24100,,,3,,,19.6,18.8
"2024-03-13 16:00:00 EDT",1710360000,98.87,100.95,WNW,29,29,,22,-2.9,19.2,,,24100,,,4,,,20.1,18.9
"2024-03-13 15:00:00 EDT",1710356400,98.81,100.88,WNW,30,23,39,19,-4.2,19.8,,,24100,,,2,,,20.5,19.7
"2024-03-13 14:00:00 EDT",1710352800,98.81,100.88,NW,30,23,38,27,0.5,19.8,,,24100,,,2,,,20.6,19.7
"2024-03-13 13:00:00 EDT",1710349200,98.82,100.89,WNW,28,17,27,28,1,20.1,,,24100,,,2,,,20.1,18
"2024-03-13 12:00:00 EDT",1710345600,98.81,100.89,W,27,14,,41,4.8,17.9,,,24100,,,1,,,18.2,16
"2024-03-13 11:00:00 EDT",1710342000,98.81,100.89,WSW,25,13,,50,6,16.3,,,24100,,,1,,,16.3,13.6
"2024-03-13 10:00:00 EDT",1710338400,98.79,100.87,W,27,14,,58,5.5,13.5,,,24100,,,1,,,13.6,10.7
"2024-03-13 09:00:00 EDT",1710334800,98.77,100.86,S,17,3,,65,4.2,10.5,,,24100,,,1,,,10.5,8.8
"2024-03-13 08:00:00 EDT",1710331200,98.71,100.8,SSE,15,4,,70,3.6,8.9,,,24100,,,1,,,9.1,7
"2024-03-13 07:00:00 EDT",1710327600,98.69,100.78,SE,13,3,,75,3.3,7.4,,,24100,,,1,,,7.4,6.3
"2024-03-13 06:00:00 EDT",1710324000,98.67,100.75,E,9,5,,80,3.3,6.5,,,24100,,,0,,,6.8,5
"2024-03-13 05:00:00 EDT",1710320400,98.63,100.71,E,8,5,,79,3,6.4,,,24100,,,0,,,6.6,5.2
"2024-03-13 04:00:00 EDT",1710316800,98.63,100.71,ENE,6,6,,86,3.4,5.6,,,24100,,,0,,,6.8,5.2
"2024-03-13 03:00:00 EDT",1710313200,98.67,100.75,SE,13,6,,79,3.5,6.8,,,24100,,,1,,,7.2,6.7
"2024-03-13 02:00:00 EDT",1710309600,98.7,100.78,SE,12,6,,78,3.6,7.1,,,24100,,,7,,,7.1,6.8
"2024-03-13 01:00:00 EDT",1710306000,98.72,100.8,SSE,15,6,,78,3.4,6.9,,,24100,,,7,,,7,6.9
"2024-03-13 00:00:00 EDT",1710302400,98.75,100.84,SE,12,6,,77,3.2,7,,,24100,,,7,,,7.3,6.7
"2024-03-12 23:00:00 EDT",1710298800,98.77,100.86,ESE,11,7,,75,3,7.2,,,24100,,,8,,,7.7,7.2
"2024-03-12 22:00:00 EDT",1710295200,98.8,100.9,ESE,11,7,,72,2.9,7.5,,,24100,,,1,,,8.1,7.3
"2024-03-12 21:00:00 EDT",1710291600,98.83,100.93,ESE,11,8,,69,2.8,8.1,,,24100,,,1,,,8.8,8
"2024-03-12 20:00:00 EDT",1710288000,98.8,100.9,SE,13,12,,66,2.8,8.8,,,24100,,,3,,,10.7,8.8
"2024-03-12 19:00:00 EDT",1710284400,98.78,100.88,SE,13,11,,57,2.7,10.7,,,24100,,,4,,,12.2,10.7
"2024-03-12 18:00:00 EDT",1710280800,98.79,100.89,SE,14,16,,52,2.6,12.1,,,24100,,,5,,,12.9,12
"2024-03-12 17:00:00 EDT",1710277200,98.84,100.94,SSE,15,19,,45,1.4,13,,,24100,,,7,,,13.8,12.8
"2024-03-12 16:00:00 EDT",1710273600,98.87,100.96,SE,14,18,,42,1.1,13.8,,,24100,,,7,,,14.3,13.4
"2024-03-12 15:00:00 EDT",1710270000,98.91,101.01,SE,14,16,,42,1.1,13.7,,,24100,,,6,,,14.2,12.5
"2024-03-12 14:00:00 EDT",1710266400,99,101.1,SE,12,17,,46,1.3,12.4,,,24100,,,6,,,13.4,12
"2024-03-12 13:00:00 EDT",1710262800,99.07,101.17,WSW,24,4,,44,1.3,13.1,,,24100,,,6,,,13.5,10.5
"2024-03-12 12:00:00 EDT",1710259200,99.08,101.18,NNW,33,4,,48,0.3,10.8,,,24100,,,6,,,10.9,8.4
"2024-03-12 11:00:00 EDT",1710255600,99.12,101.22,,36,3,,54,-0.3,8.4,,,24100,,,6,,,8.5,6.1
"2024-03-12 10:00:00 EDT",1710252000,99.11,101.22,W,27,5,,67,0.3,6.1,,,24100,,,6,,,6.1,3.7
"2024-03-12 09:00:00 EDT",1710248400,99.08,101.19,SW,22,4,,78,0.2,3.6,,,24100,,,6,,,3.8,2.4
"2024-03-12 08:00:00 EDT",1710244800,99.02,101.14,NW,31,4,,79,-0.8,2.5,,,24100,,,4,,,3,-1.8
"2024-03-12 07:00:00 EDT",1710241200,98.98,101.09,NW,32,9,,76,-1.2,2.7,,,24100,,,1,,,3,-1.8
"2024-03-12 06:00:00 EDT",1710237600,98.93,101.04,W,27,9,,86,-2.8,-0.7,-4,,24100,,,0,,,2.1,-0.9
"2024-03-12 05:00:00 EDT",1710234000,98.87,100.98,NE,3,4,,79,-1.4,1.8,,,24100,,,0,,,2.9,0.9
"2024-03-12 04:00:00 EDT",1710230400,98.82,100.93,WNW,28,7,,79,-1.4,1.8,,,24100,,,0,,,1.8,0.4
"2024-03-12 03:00:00 EDT",1710226800,98.85,100.96,W,26,7,,78,-1.8,1.6,,,24100,,,0,,,3,1.6
"2024-03-12 02:00:00 EDT",1710223200,98.89,101,SW,21,7,,71,-1.8,3,,,24100,,,0,,,3.7,3
"2024-03-12 01:00:00 EDT",1710219600,98.97,101.08,SSW,19,8,,66,-2.1,3.7,,,24100,,,0,,,4,3.4
"2024-03-12 00:00:00 EDT",1710216000,99.04,101.15,SSE,16,8,,66,-2,3.9,,,24100,,,0,,,4.8,3.7
"2024-03-11 23:00:00 EDT",1710212400,99.11,101.22,SE,14,4,,60,-2.1,4.9,,,24100,,,0,,,5.1,4.5
"2024-03-11 22:00:00 EDT",1710208800,99.19,101.32,SSW,20,8,,59,-2.4,4.9,,,24100,,,0,,,5.3,4.3
"2024-03-11 21:00:00 EDT",1710205200,99.17,101.3,SSW,20,5,,47,-5.4,5.1,,,24100,,,0,,,5.2,4.3
"2024-03-11 20:00:00 EDT",1710201600,99.17,101.31,WSW,25,5,,48,-5.7,4.4,,,24100,,,3,,,5.4,3.7
"2024-03-11 19:00:00 EDT",1710198000,99.19,101.32,W,26,17,27,44,-5.9,5.4,,,24100,,,3,,,7,5
"2024-03-11 18:00:00 EDT",1710194400,99.23,101.36,W,27,25,42,39,-6.1,6.9,,,24100,,,5,,,8.1,6.8
"2024-03-11 17:00:00 EDT",1710190800,99.28,101.41,W,28,37,,34,-7.4,7.4,,,24100,,,6,,,8.2,7.3
"2024-03-11 16:00:00 EDT",1710187200,99.3,101.43,WNW,29,30,44,38,-6.2,7.4,,,24100,,,8,,,7.8,6.7
"2024-03-11 15:00:00 EDT",1710183600,99.34,101.47,WNW,28,39,,45,-4.3,6.7,,,24100,,,8,,,7.1,6.3
"2024-03-11 14:00:00 EDT",1710180000,99.4,101.53,W,27,30,44,42,-5.6,6.3,,,24100,,,8,,,6.8,5.6
"2024-03-11 13:00:00 EDT",1710176400,99.45,101.59,W,27,35,,34,-9,5.5,,,24100,,,7,,,5.8,4.5
"2024-03-11 12:00:00 EDT",1710172800,99.49,101.63,WNW,29,33,45,36,-9.1,4.6,,,24100,,,7,,,4.9,3.4
"2024-03-11 11:00:00 EDT",1710169200,99.52,101.66,WNW,29,30,,40,-9.4,3.1,,,24100,,,2,,,3.3,2
"2024-03-11 10:00:00 EDT",1710165600,99.48,101.63,NW,31,28,40,42,-9.9,1.9,,,24100,,,2,,,2,0.5
"2024-03-11 09:00:00 EDT",1710162000,99.42,101.57,WNW,29,29,,50,-8.8,0.6,,,24100,,,1,,,0.6,-1
"2024-03-11 08:00:00 EDT",1710158400,99.33,101.48,WNW,29,25,39,54,-9.2,-0.9,-7,,24100,,,0,,,-0.8,-1.3
"2024-03-11 07:00:00 EDT",1710154800,99.25,101.4,WNW,30,29,,55,-8.9,-0.9,-8,,24100,,,0,,,-0.7,-1.2
"2024-03-11 06:00:00 EDT",1710151200,99.17,101.32,NW,30,25,42,57,-8.4,-0.9,-7,,24100,,,0,,,-0.4,-1.2
"2024-03-11 05:00:00 EDT",1710147600,99.04,101.19,NW,31,33,46,57,-8.2,-0.8,-8,,24100,,,0,,,-0.3,-0.8
"2024-03-11 04:00:00 EDT",1710144000,98.97,101.11,NW,30,36,,56,-8,-0.3,-7,,24100,,,0,,,-0.1,-0.4
"2024-03-11 03:00:00 EDT",1710140400,98.97,101.11,NW,30,31,53,58,-7.4,-0.2,-7,,24100,,,1,,,0.6,-0.2
"2024-03-11 02:00:00 EDT",1710136800,98.92,101.06,WNW,30,36,48,56,-7.1,0.7,,,24100,,,6,,,1.1,0.5
"2024-03-11 01:00:00 EDT",1710133200,98.87,101.01,WNW,29,31,48,59,-6.2,0.9,,,24100,,,7,,,0.9,0.4
"2024-03-11 00:00:00 EDT",1710129600,98.82,100.96,WNW,30,30,43,69,-4.7,0.3,,,24100,,,8,,,0.4,-0.6
"2024-03-10 23:00:00 EDT",1710126000,98.79,100.93,WNW,30,32,48,78,-3.7,-0.3,-7,,6400,,,8,,,-0.1,-0.6
"2024-03-10 22:00:00 EDT",1710122400,98.73,100.87,NW,31,35,,81,-3.3,-0.5,-8,,6400,,,8,,,-0.5,-0.8
"2024-03-10 21:00:00 EDT",1710118800,98.64,100.78,NW,31,41,54,74,-4.4,-0.4,-8,,9700,,,8,,,-0.4,-1
"2024-03-10 20:00:00 EDT",1710115200,98.55,100.68,NW,31,41,50,71,-5.4,-0.8,-9,,19300,,,8,,,-0.8,-1.2
"2024-03-10 19:00:00 EDT",1710111600,98.45,100.58,NW,31,35,49,65,-6.8,-1.1,-8,,24100,,,8,,,-1.1,-1.7
"2024-03-10 18:00:00 EDT",1710108000,98.39,100.51,NW,30,40,56,63,-7.8,-1.7,-10,,19300,,,8,,,-1.2,-1.9
"2024-03-10 17:00:00 EDT",1710104400,98.31,100.42,NW,31,37,55,63,-7.5,-1.4,-9,,16100,,,8,,,-0.8,-1.5
"2024-03-10 16:00:00 EDT",1710100800,98.22,100.33,WNW,30,45,64,61,-7.8,-1.1,-9,,24100,,,8,,,-0.7,-1.1
"2024-03-10 15:00:00 EDT",1710097200,98.18,100.29,NW,31,37,56,59,-7.7,-0.7,-8,,24100,,,8,,,-0.4,-1.3
"2024-03-10 14:00:00 EDT",1710093600,98.17,100.28,NW,31,44,53,64,-7.2,-1.2,-9,,16100,,,8,,,-0.4,-1.3
"2024-03-10 13:00:00 EDT",1710090000,98.17,100.28,NW,32,34,50,67,-6,-0.6,-8,,16100,,,8,,,-0.5,-1.1
"2024-03-10 12:00:00 EDT",1710086400,98.13,100.24,NW,32,40,,64,-6.8,-0.7,-8,,24100,,,8,,,0.2,-0.8
"2024-03-10 11:00:00 EDT",1710082800,98.09,100.2,NW,31,34,46,72,-4.8,-0.5,-8,,24100,,,8,,,-0.3,-0.9
"2024-03-10 10:00:00 EDT",1710079200,98.05,100.16,NW,31,34,,78,-4.2,-0.9,-8,,19300,,,7,,,-0.8,-1.1
"2024-03-10 09:00:00 EDT",1710075600,98.02,100.12,NNW,34,28,43,85,-3.2,-0.9,-7,,16100,,,8,,,0.4,-1
"2024-03-10 08:00:00 EDT",1710072000,97.99,100.09,NNW,34,22,,89,-2,-0.4,-6,,9700,,,8,,,0.4,-0.4
"2024-03-10 07:00:00 EDT",1710068400,97.98,100.08,NNW,34,26,,89,-1.2,0.4,,,9700,,,8,,,1.1,0.4
"2024-03-10 06:00:00 EDT",1710064800,98.01,100.1,NNW,34,14,,96,0.5,1.1,,,8100,,,8,,,3.1,0.8
"2024-03-10 05:00:00 EDT",1710061200,98.01,100.1,WNW,30,18,,85,0.3,2.5,,,19300,,,8,,,3.2,2.5
"2024-03-10 04:00:00 EDT",1710057600,98.03,100.12,WNW,28,16,,81,0.2,3.2,,,24100,,,7,,,3.4,3.1
"2024-03-10 03:00:00 EDT",1710054000,98.08,100.17,W,26,16,,81,0.4,3.4,,,24100,,,7,,,3.5,3.2
"2024-03-10 01:00:00 EST",1710050400,98.13,100.22,WSW,24,11,,82,0.6,3.4,,,24100,,,7,,,3.7,3.3
"2024-03-10 00:00:00 EST",1710046800,98.14,100.23,W,28,14,,78,0.2,3.7,,,24100,,,7,,,3.8,3.3
"2024-03-09 23:00:00 EST",1710043200,98.18,100.27,W,26,10,,83,0.8,3.3,,,24100,,,7,,,3.6,2.1
"2024-03-09 22:00:00 EST",1710039600,98.21,100.3,W,26,13,,87,0.3,2.3,,,24100,,,6,,,4.2,2
"2024-03-09 21:00:00 EST",1710036000,98.27,100.36,W,28,9,,81,0.4,3.3,,,24100,,,3,,,4.6,3.3
"2024-03-09 20:00:00 EST",1710032400,98.29,100.38,WNW,30,20,,77,0.9,4.5,,,24100,,,7,,,4.9,4.5
"2024-03-09 19:00:00 EST",1710028800,98.25,100.34,WNW,28,20,,82,2,4.9,,,24100,,,7,,,5.4,4.9
"2024-03-09 18:00:00 EST",1710025200,98.24,100.33,WNW,28,18,34,81,2.5,5.5,,,24100,,,8,,,6.6,5.4
"2024-03-09 17:00:00 EST",1710021600,98.16,100.24,W,27,15,,81,3.5,6.5,,,24100,,,8,,,6.8,6.4
"2024-03-09 16:00:00 EST",1710018000,98.09,100.17,W,27,23,34,85,4.2,6.6,,,24100,,,8,,,7.6,6.6
"2024-03-09 15:00:00 EST",1710014400,98.05,100.13,W,27,24,,92,6.1,7.3,,,24100,,,8,,,9.4,7
"2024-03-09 14:00:00 EST",1710010800,98.04,100.12,W,26,29,40,100,7.7,7.8,,,4800,,,8,,,9.6,7.8
"2024-03-09 13:00:00 EST",1710007200,98.03,100.11,S,18,27,37,100,9.5,9.5,,,19300,,,8,,,9.6,8.8
"2024-03-09 12:00:00 EST",1710003600,98.11,100.19,S,18,26,40,100,9.1,9.1,,,9700,,,8,,,9.1,8.4
"2024-03-09 11:00:00 EST",1710000000,98.13,100.21,S,18,29,43,100,8.4,8.4,,,9700,,,8,,,8.5,8.1
"2024-03-09 10:00:00 EST",1709996400,98.18,100.26,S,17,25,,100,8.1,8.1,,,16100,,,8,,,8.1,7.3
"2024-03-09 09:00:00 EST",1709992800,98.28,100.36,SSE,16,14,28,100,7.3,7.3,,,8100,,,8,,,7.4,7.2
"2024-03-09 08:00:00 EST",1709989200,98.32,100.4,SSE,15,17,28,100,7.2,7.2,,,9700,,,8,,,7.2,7
"2024-03-09 07:00:00 EST",1709985600,98.41,100.5,SSE,15,23,34,100,7.1,7.1,,,6400,,,8,,,7.5,7.1
"2024-03-09 06:00:00 EST",1709982000,98.52,100.61,SSE,14,21,34,100,7.4,7.4,,,9700,,,8,,,7.7,7.2
"2024-03-09 05:00:00 EST",1709978400,98.64,100.73,SE,14,20,,100,7.6,7.7,,,9700,,,8,,,7.7,7.4
"2024-03-09 04:00:00 EST",1709974800,98.72,100.81,SE,13,12,,93,6.6,7.7,,,9700,,,8,,,7.7,7.4
"2024-03-09 03:00:00 EST",1709971200,98.82,100.91,ESE,12,8,,94,6.6,7.4,,,9700,,,8,,,7.4,6.9
"2024-03-09 02:00:00 EST",1709967600,98.93,101.03,E,8,7,,96,6.3,6.9,,,24100,,,8,,,7,6.9
"2024-03-09 01:00:00 EST",1709964000,99.03,101.13,ENE,6,9,,92,5.8,7,,,19300,,,8,,,7.5,6.7
"2024-03-09 00:00:00 EST",1709960400,99.16,101.26,,36,2,,76,3.5,7.3,,,24100,,,8,,,7.6,7.1
"2024-03-08 23:00:00 EST",1709956800,99.22,101.32,E,8,9,,69,2.3,7.5,,,24100,,,8,,,7.6,7.4
"2024-03-08 22:00:00 EST",1709953200,99.3,101.41,E,10,9,,65,1.4,7.5,,,24100,,,8,,,8.1,7.5
"2024-03-08 21:00:00 EST",1709949600,99.36,101.47,E,9,16,,55,-0.4,8.1,,,24100,,,8,,,8.3,8.1
"2024-03-08 20:00:00 EST",1709946000,99.44,101.55,E,8,14,,48,-2,8.3,,,24100,,,8,,,8.4,8.2
"2024-03-08 19:00:00 EST",1709942400,99.52,101.64,E,8,16,27,47,-2.3,8.2,,,24100,,,7,,,8.2,7.8
"2024-03-08 18:00:00 EST",1709938800,99.58,101.71,E,8,18,33,52,-1.4,7.8,,,24100,,,8,,,8.1,7.7
"2024-03-08 17:00:00 EST",1709935200,99.64,101.77,E,8,19,29,54,-0.7,8,,,24100,,,8,,,8.3,7.9
"2024-03-08 16:00:00 EST",1709931600,99.72,101.85,E,8,18,33,54,-0.7,8.1,,,24100,,,7,,,8.7,7.8
"2024-03-08 15:00:00 EST",1709928000,99.79,101.92,E,8,22,,52,-1.1,8.2,,,24100,,,7,,,9.5,8
"2024-03-08 14:00:00 EST",1709924400,99.86,101.99,ESE,10,16,,53,0,9,,,24100,,,7,,,9.4,8.3
"2024-03-08 13:00:00 EST",1709920800,99.98,102.12,E,7,21,,57,0.2,8.3,,,24100,,,6,,,8.9,8.1
"2024-03-08 12:00:00 EST",1709917200,100.06,102.2,ENE,7,16,,59,1.1,8.6,,,24100,,,5,,,8.8,7.7
"2024-03-08 11:00:00 EST",1709913600,100.1,102.24,E,9,15,27,63,1.4,7.9,,,24100,,,6,,,7.9,6.4
"2024-03-08 10:00:00 EST",1709910000,100.18,102.32,ENE,7,20,,64,0.1,6.5,,,24100,,,8,,,6.7,5.3
"2024-03-08 09:00:00 EST",1709906400,100.21,102.35,E,9,11,,69,0.3,5.5,,,24100,,,7,,,5.6,4.1
"2024-03-08 08:00:00 EST",1709902800,100.2,102.34,E,8,11,,73,-0.4,4,,,24100,,,7,,,4,3.1
"2024-03-08 07:00:00 EST",1709899200,100.19,102.34,E,8,14,,75,-0.8,3.2,,,24100,,,7,,,3.3,2.8
"2024-03-08 06:00:00 EST",1709895600,100.21,102.35,ENE,6,4,,71,-1.9,2.9,,,24100,,,6,,,3.2,2.6
"2024-03-08 05:00:00 EST",1709892000,100.17,102.31,ENE,7,10,,68,-2.7,2.6,,,24100,,,3,,,3.3,2.5
"2024-03-08 04:00:00 EST",1709888400,100.16,102.3,ENE,7,8,,58,-4.2,3.2,,,24100,,,1,,,3.7,3
"2024-03-08 03:00:00 EST",1709884800,100.2,102.34,E,8,7,,55,-5,3.3,,,24100,,,1,,,3.6,1.7
"2024-03-08 02:00:00 EST",1709881200,100.23,102.37,,36,3,,63,-3.7,2.6,,,24100,,,1,,,3.6,2.5
"2024-03-08 01:00:00 EST",1709877600,100.23,102.37,ENE,6,9,,65,-3,3,,,24100,,,0,,,3.6,2.7
"2024-03-08 00:00:00 EST",1709874000,100.21,102.35,ENE,7,9,,63,-3.1,3.3,,,24100,,,1,,,4.4,3.3
"2024-03-07 23:00:00 EST",1709870400,100.25,102.39,E,9,8,,58,-3.3,4.4,,,24100,,,1,,,4.5,4
"2024-03-07 22:00:00 EST",1709866800,100.25,102.39,ENE,7,7,,60,-2.9,4.2,,,24100,,,0,,,5.2,4.1
"2024-03-07 21:00:00 EST",1709863200,100.22,102.36,ESE,10,5,,55,-3.2,5.1,,,24100,,,0,,,5.7,4.9
"2024-03-07 20:00:00 EST",1709859600,100.16,102.31,SE,13,5,,53,-3.4,5.4,,,24100,,,0,,,5.7,5.1
"2024-03-07 19:00:00 EST",1709856000,100.14,102.29,SE,14,6,,55,-3,5.3,,,24100,,,1,,,6.6,5.2
"2024-03-07 18:00:00 EST",1709852400,100.12,102.26,SE,13,12,,51,-2.9,6.6,,,24100,,,1,,,7.8,6.6
"2024-03-07 17:00:00 EST",1709848800,100.09,102.23,SE,13,12,,48,-2.4,7.9,,,24100,,,1,,,8.8,7.9
"2024-03-07 16:00:00 EST",1709845200,100.04,102.18,SSE,16,10,,47,-2.1,8.5,,,24100,,,1,,,8.8,7.9
"2024-03-07 15:00:00 EST",1709841600,100.03,102.15,SSE,15,12,,48,-2,8.4,,,24100,,,1,,,9.6,8.2
"2024-03-07 14:00:00 EST",1709838000,100.02,102.14,SSE,16,14,,46,-2.1,8.9,,,24100,,,1,,,9.7,8.8
"2024-03-07 13:00:00 EST",1709834400,100.07,102.19,SSE,16,13,,45,-2.1,9.2,,,24100,,,1,,,10.3,8.9
"2024-03-07 12:00:00 EST",1709830800,100.13,102.25,E,8,12,,44,-2.2,9.6,,,24100,,,1,,,9.6,7.6
"2024-03-07 11:00:00 EST",1709827200,100.17,102.31,ESE,10,13,,46,-2.8,8,,,24100,,,1,,,8.1,6.4
"2024-03-07 10:00:00 EST",1709823600,100.18,102.32,NNE,2,13,,49,-3.4,6.5,,,24100,,,1,,,6.5,4.1
"2024-03-07 09:00:00 EST",1709820000,100.15,102.3,N,0,14,,56,-4,4,,,24100,,,2,,,4.1,2.3
"2024-03-07 08:00:00 EST",1709816400,100.12,102.27,N,35,22,,61,-4.5,2.2,,,24100,,,2,,,2.3,1.1
"2024-03-07 07:00:00 EST",1709812800,100.03,102.18,N,35,20,,66,-4.5,1.2,,,24100,,,2,,,1.7,1.2
"2024-03-07 06:00:00 EST",1709809200,99.96,102.1,N,0,20,,64,-4.3,1.8,,,24100,,,2,,,3.3,1.6
"2024-03-07 05:00:00 EST",1709805600,99.89,102.03,N,0,18,,62,-3.5,3.1,,,24100,,,8,,,3.3,3.1
"2024-03-07 04:00:00 EST",1709802000,99.85,101.99,N,0,22,,65,-2.8,3.2,,,24100,,,7,,,3.6,3.1
"2024-03-07 03:00:00 EST",1709798400,99.83,101.96,N,35,23,,65,-2.2,3.6,,,24100,,,8,,,4.1,3.6
"2024-03-07 02:00:00 EST",1709794800,99.82,101.95,NNE,1,21,,66,-1.6,4.2,,,24100,,,8,,,4.2,3.9
"2024-03-07 01:00:00 EST",1709791200,99.82,101.95,N,0,26,,69,-1.2,3.9,,,24100,,,8,,,4,3.9
"2024-03-07 00:00:00 EST",1709787600,99.82,101.95,NNE,1,20,,71,-0.9,3.9,,,24100,,,7,,,4,3.8
"2024-03-06 23:00:00 EST",1709784000,99.8,101.93,NNE,2,19,,75,-0.3,3.7,,,24100,,,7,,,3.8,3.4
"2024-03-06 22:00:00 EST",1709780400,99.82,101.96,NNE,1,21,,90,1.8,3.4,,,24100,,,8,,,4.2,3.3
"2024-03-06 21:00:00 EST",1709776800,99.84,101.98,NNE,2,29,,92,2.6,3.8,,,24100,,,8,,,4.4,3.8
"2024-03-06 20:00:00 EST",1709773200,99.8,101.94,NNE,2,25,,88,2.5,4.3,,,24100,,,8,,,4.5,4.3
"2024-03-06 19:00:00 EST",1709769600,99.73,101.86,NNE,2,22,35,87,2.6,4.5,,,24100,,,8,,,5,4.5
"2024-03-06 18:00:00 EST",1709766000,99.66,101.79,NNE,1,29,,86,2.8,5,,,24100,,,8,,,5.9,5
"2024-03-06 17:00:00 EST",1709762400,99.62,101.74,N,0,28,,84,3.4,5.9,,,24100,,,8,,,6.7,5.9
"2024-03-06 16:00:00 EST",1709758800,99.61,101.73,NNE,1,19,31,84,4.2,6.7,,,24100,,,8,,,7.5,6.5
"2024-03-06 15:00:00 EST",1709755200,99.61,101.72,N,0,22,,82,4.3,7.2,,,24100,,,8,,,7.6,7
"2024-03-06 14:00:00 EST",1709751600,99.57,101.68,N,35,20,,85,5.1,7.5,,,24100,,,8,,,7.8,7.3
"2024-03-06 13:00:00 EST",1709748000,99.61,101.72,N,35,18,,88,5.7,7.5,,,24100,,,8,,,7.5,7
"2024-03-06 12:00:00 EST",1709744400,99.64,101.75,N,35,14,,94,6,6.9,,,24100,,,8,,,7,6.3
"2024-03-06 11:00:00 EST",1709740800,99.64,101.75,N,0,14,,99,6.2,6.4,,,8100,,,8,,,6.5,5.9
"2024-03-06 10:00:00 EST",1709737200,99.63,101.74,N,0,16,,100,5.7,5.8,,,9700,,,8,,,5.8,5.4
"2024-03-06 09:00:00 EST",1709733600,99.61,101.72,N,35,21,,100,5.4,5.4,,,4000,,,8,,,5.5,5.3
"2024-03-06 08:00:00 EST",1709730000,99.56,101.67,N,35,18,,100,5.5,5.5,,,2400,,,6,,,5.7,5.5
"2024-03-06 07:00:00 EST",1709726400,99.49,101.59,N,0,13,,100,5.5,5.5,,,16100,,,8,,,5.7,5.5
"2024-03-06 06:00:00 EST",1709722800,99.43,101.53,N,35,12,,99,5.6,5.7,,,24100,,,8,,,5.9,5.7
"2024-03-06 05:00:00 EST",1709719200,99.38,101.48,N,34,18,,98,5.6,5.8,,,24100,,,8,,,5.8,5.8
"2024-03-06 04:00:00 EST",1709715600,99.36,101.46,N,35,14,,99,5.7,5.8,,,24100,,,8,,,5.9,5.8
"2024-03-06 03:00:00 EST",1709712000,99.35,101.45,NNW,34,14,,98,5.6,5.9,,,24100,,,8,,,6.2,5.8
"2024-03-06 02:00:00 EST",1709708400,99.36,101.45,NNW,34,16,,96,5.6,6.1,,,24100,,,8,,,6.2,6
"2024-03-06 01:00:00 EST",1709704800,99.35,101.44,N,35,23,,96,5.6,6.2,,,24100,,,8,,,6.7,6.2
"2024-03-06 00:00:00 EST",1709701200,99.35,101.45,N,35,18,,98,6.5,6.8,,,16100,,,8,,,8.1,6.7
"2024-03-05 23:00:00 EST",1709697600,99.34,101.43,N,34,17,,97,7.5,8.1,,,9700,,,8,,,8.6,8.1
"2024-03-05 22:00:00 EST",1709694000,99.33,101.42,NNW,33,19,,97,8.1,8.6,,,9700,,,8,,,9,8.4
"2024-03-05 21:00:00 EST",1709690400,99.29,101.38,NNE,1,13,,97,8.5,9,,,9700,,,8,,,10.1,9
"2024-03-05 20:00:00 EST",1709686800,99.24,101.33,N,35,22,33,94,9.1,10,,,16100,,,8,,,12,10
"2024-03-05 19:00:00 EST",1709683200,99.17,101.26,NNW,33,8,,94,10.3,11.2,,,16100,,,8,,,11.6,11
"2024-03-05 18:00:00 EST",1709679600,99.18,101.27,WSW,24,6,,90,9.7,11.3,,,9700,,,8,,,11.6,11
"2024-03-05 17:00:00 EST",1709676000,99.17,101.26,SSW,20,9,,82,8.6,11.6,,,24100,,,8,,,13.2,11.6
"2024-03-05 16:00:00 EST",1709672400,99.09,101.18,SSW,19,4,,71,8.1,13.2,,,24100,,,8,,,14.4,12.7
"2024-03-05 15:00:00 EST",1709668800,99.08,101.16,ESE,11,10,,68,8,13.8,,,24100,,,8,,,15.2,13.6
"2024-03-05 14:00:00 EST",1709665200,99.13,101.22,SSE,14,10,,66,8.8,15.1,,,24100,,,7,,,15.1,12.4
"2024-03-05 13:00:00 EST",1709661600,99.21,101.3,SSE,16,9,,67,8.2,14.3,,,24100,,,7,,,15.1,12.4
"2024-03-05 12:00:00 EST",1709658000,99.26,101.35,SSE,14,13,,78,8.8,12.5,,,24100,,,5,,,14.4,11.5
"2024-03-05 11:00:00 EST",1709654400,99.3,101.39,SSE,16,16,,63,6.6,13.6,,,24100,,,6,,,14.4,12.9
"2024-03-05 10:00:00 EST",1709650800,99.38,101.47,SE,13,12,,67,6.7,12.7,,,24100,,,6,,,13.1,11.3
"2024-03-05 09:00:00 EST",1709647200,99.46,101.56,SE,13,8,,72,6.8,11.7,,,24100,,,3,,,11.7,9.3
"2024-03-05 08:00:00 EST",1709643600,99.46,101.56,SE,13,10,,80,6,9.2,,,24100,,,3,,,9.2,7.6
"2024-03-05 07:00:00 EST",1709640000,99.49,101.59,SE,12,8,,85,5.2,7.5,,,24100,,,2,,,7.8,7.4
"2024-03-05 06:00:00 EST",1709636400,99.5,101.6,SE,14,7,,87,5.4,7.4,,,24100,,,5,,,7.6,7.1
"2024-03-05 05:00:00 EST",1709632800,99.49,101.58,SE,13,8,,86,5.4,7.7,,,24100,,,5,,,9,7.7
"2024-03-05 04:00:00 EST",1709629200,99.45,101.54,S,17,8,,81,5.6,8.8,,,24100,,,1,,,9,8.5
"2024-03-05 03:00:00 EST",1709625600,99.48,101.57,SSE,15,8,,80,5.8,9.1,,,24100,,,0,,,9.4,6.1
"2024-03-05 02:00:00 EST",1709622000,99.51,101.61,,36,3,,93,5.4,6.4,,,24100,,,0,,,7.2,6.4
"2024-03-05 01:00:00 EST",1709618400,99.55,101.65,,36,3,,93,5.9,6.9,,,24100,,,0,,,7.4,6.7
"2024-03-05 00:00:00 EST",1709614800,99.59,101.69,,36,1,,93,6.2,7.2,,,24100,,,0,,,8.8,6.8
"2024-03-04 23:00:00 EST",1709611200,99.61,101.71,SSE,15,4,,85,6.5,8.9,,,24100,,,0,,,8.9,7.1
"2024-03-04 22:00:00 EST",1709607600,99.62,101.73,W,27,5,,88,6.1,8,,,24100,,,0,,,9.4,7.1
"2024-03-04 21:00:00 EST",1709604000,99.66,101.77,,,0,,87,6.8,8.8,,,24100,,,0,,,10.1,8.8
"2024-03-04 20:00:00 EST",1709600400,99.68,101.79,SE,14,4,,80,6.8,10.2,,,24100,,,1,,,11.3,9.1
"2024-03-04 19:00:00 EST",1709596800,99.7,101.81,,36,2,,77,7.1,11,,,24100,,,2,,,13.7,11
"2024-03-04 18:00:00 EST",1709593200,99.71,101.82,ESE,11,7,,68,7.9,13.7,,,24100,,,5,,,15.3,13.6
"2024-03-04 17:00:00 EST",1709589600,99.72,101.82,ESE,12,13,,61,8.1,15.4,,,24100,,,5,,,16.1,15.2
"2024-03-04 16:00:00 EST",1709586000,99.73,101.83,SE,14,14,,59,8,15.9,,,24100,,,6,,,16.6,14.5
"2024-03-04 15:00:00 EST",1709582400,99.78,101.89,ESE,11,16,,64,7.7,14.3,,,24100,,,5,,,14.3,13.2
"2024-03-04 14:00:00 EST",1709578800,99.86,101.97,SSE,14,12,,65,7.2,13.6,,,24100,,,4,,,13.6,11.7
"2024-03-04 13:00:00 EST",1709575200,99.93,102.04,SSE,15,18,,68,6.7,12.5,,,24100,,,4,,,12.7,11.3
"2024-03-04 12:00:00 EST",1709571600,100.02,102.14,SSE,15,18,,69,6,11.4,,,24100,,,4,,,12,10.4
"2024-03-04 11:00:00 EST",1709568000,100.06,102.18,ESE,10,14,,73,6,10.6,,,24100,,,3,,,11.2,7.7
"2024-03-04 10:00:00 EST",1709564400,100.07,102.19,ESE,10,15,,94,6.7,7.7,,,24100,,,5,,,7.7,4.7
"2024-03-04 09:00:00 EST",1709560800,100.13,102.27,ENE,6,3,,100,5.3,5.3,,,4800,,,8,,,5.5,4.4
"2024-03-04 08:00:00 EST",1709557200,100.09,102.23,E,8,10,,100,4.6,4.6,,,400,,,,,,4.6,4.4
"2024-03-04 07:00:00 EST",1709553600,100.07,102.21,ENE,6,8,,100,4.5,4.5,,,1000,,,1,,,4.5,3.8
"2024-03-04 06:00:00 EST",1709550000,100.08,102.22,ENE,7,12,,100,4.4,4.4,,,4000,,,8,,,4.5,3.5
"2024-03-04 05:00:00 EST",1709546400,100.05,102.19,E,8,6,,100,3.9,3.9,,,24100,,,5,,,4.3,3.5
"2024-03-04 04:00:00 EST",1709542800,100.04,102.18,E,9,7,,100,4.2,4.2,,,24100,,,1,,,4.6,4.1
"2024-03-04 03:00:00 EST",1709539200,100.02,102.16,E,8,8,,100,4.4,4.4,,,24100,,,0,,,4.8,4.2
"2024-03-04 02:00:00 EST",1709535600,100.06,102.18,E,8,5,,99,4.4,4.5,,,24100,,,0,,,4.8,4.4
"2024-03-04 01:00:00 EST",1709532000,100.07,102.2,E,8,10,,98,4.5,4.8,,,24100,,,0,,,5,4.6
"2024-03-04 00:00:00 EST",1709528400,100.04,102.18,E,9,12,,97,4.4,4.8,,,24100,,,0,,,5.4,4.7
"2024-03-03 23:00:00 EST",1709524800,100.06,102.2,E,8,8,,91,4.1,5.4,,,24100,,,0,,,6,5.4
"2024-03-03 22:00:00 EST",1709521200,100.11,102.25,E,8,13,,87,4,6.1,,,24100,,,7,,,6.9,6
"2024-03-03 21:00:00 EST",1709517600,100.13,102.27,E,9,16,30,82,4,6.8,,,24100,,,7,,,6.9,6.8
"2024-03-03 20:00:00 EST",1709514000,100.15,102.29,E,9,15,27,86,4.7,6.8,,,24100,,,8,,,7.3,6.8
"2024-03-03 19:00:00 EST",1709510400,100.18,102.32,ESE,10,14,,84,4.8,7.2,,,24100,,,8,,,7.4,7.2
"2024-03-03 18:00:00 EST",1709506800,100.16,102.3,E,9,12,,87,5.4,7.4,,,24100,,,8,,,7.6,7.4
"2024-03-03 17:00:00 EST",1709503200,100.14,102.28,E,8,13,,88,5.6,7.5,,,24100,,,8,,,7.6,7.1
"2024-03-03 16:00:00 EST",1709499600,100.19,102.33,E,8,17,,94,6.2,7.1,,,19300,,,8,,,7.5,7.1
"2024-03-03 15:00:00 EST",1709496000,100.21,102.35,E,8,16,,91,6,7.3,,,19300,,,8,,,8.6,7.3
"2024-03-03 14:00:00 EST",1709492400,100.21,102.33,ESE,10,12,,80,5.1,8.3,,,19300,,,8,,,8.6,7.5
"2024-03-03 13:00:00 EST",1709488800,100.27,102.41,SE,12,12,,82,4.5,7.4,,,16100,,,8,,,7.9,6.8
"2024-03-03 12:00:00 EST",1709485200,100.32,102.46,SSE,14,11,,86,4.9,7.1,,,16100,,,8,,,7.4,6.4
"2024-03-03 11:00:00 EST",1709481600,100.31,102.45,SE,12,12,,100,6.4,6.4,,,9700,,,8,,,6.4,5
"2024-03-03 10:00:00 EST",1709478000,100.33,102.47,ESE,11,9,,100,5.5,5.5,,,6400,,,8,,,5.7,4.8
"2024-03-03 09:00:00 EST",1709474400,100.32,102.46,SSE,15,7,,100,5,5,,,400,,,,,,5.3,4.7
"2024-03-03 08:00:00 EST",1709470800,100.29,102.43,SSE,15,7,,100,4.8,4.8,,,400,,,,,,5.2,4.8
"2024-03-03 07:00:00 EST",1709467200,100.25,102.39,S,18,5,,100,5.1,5.1,,,800,,,,,,5.2,5.1
"2024-03-03 06:00:00 EST",1709463600,100.19,102.33,ESE,10,5,,100,5.2,5.2,,,1200,,,,,,5.2,5.1
"2024-03-03 05:00:00 EST",1709460000,100.18,102.32,SE,13,6,,100,5.2,5.2,,,600,,,,,,5.5,5.2
"2024-03-03 04:00:00 EST",1709456400,100.14,102.28,SSE,16,5,,100,5.5,5.5,,,400,,,,,,5.7,5.4
"2024-03-03 03:00:00 EST",1709452800,100.11,102.25,SE,12,3,,100,5.6,5.6,,,400,,,,,,5.6,5.4
"2024-03-03 02:00:00 EST",1709449200,100.11,102.25,,36,1,,100,5.5,5.5,,,800,,,3,,,5.6,5.4
"2024-03-03 01:00:00 EST",1709445600,100.1,102.24,,36,1,,100,5.6,5.6,,,8100,,,8,,,5.6,5.4
"2024-03-03 00:00:00 EST",1709442000,100.06,102.2,,36,2,,100,5.4,5.4,,,9700,,,8,,,5.7,5.3
"2024-03-02 23:00:00 EST",1709438400,100.06,102.2,,36,1,,100,5.5,5.5,,,9700,,,8,,,6.1,5.2
"2024-03-02 22:00:00 EST",1709434800,100.04,102.18,SE,13,7,,100,5.6,5.7,,,9700,,,8,,,6.2,5.7
"2024-03-02 21:00:00 EST",1709431200,100.03,102.17,S,17,4,,99,6,6.2,,,9700,,,8,,,6.2,6
"2024-03-02 20:00:00 EST",1709427600,99.98,102.12,SSE,15,4,,100,6.2,6.2,,,9700,,,8,,,6.2,5.9
"2024-03-02 19:00:00 EST",1709424000,99.97,102.11,SE,13,4,,100,5.9,5.9,,,9700,,,8,,,6.2,5.8
"2024-03-02 18:00:00 EST",1709420400,99.94,102.07,SSE,15,8,,99,5.9,6,,,9700,,,8,,,6.9,6
"2024-03-02 17:00:00 EST",1709416800,99.92,102.05,SE,14,5,,96,6,6.6,,,9700,,,8,,,6.9,6.6
"2024-03-02 16:00:00 EST",1709413200,99.89,102.02,SSE,15,6,,96,6.3,7,,,9700,,,8,,,7,6.1
"2024-03-02 15:00:00 EST",1709409600,99.91,102.05,SSE,16,7,,98,6.1,6.3,,,6400,,,8,,,6.7,5.9
"2024-03-02 14:00:00 EST",1709406000,99.9,102.04,SE,14,7,,100,5.9,5.9,,,4800,,,8,,,6,5.6
"2024-03-02 13:00:00 EST",1709402400,99.96,102.1,SE,12,7,,100,5.6,5.6,,,4000,,,6,,,6,5.2
"2024-03-02 12:00:00 EST",1709398800,100.01,102.15,E,10,7,,98,5,5.3,,,9700,,,8,,,5.4,5.2
"2024-03-02 11:00:00 EST",1709395200,100.02,102.16,ESE,11,9,,97,4.8,5.2,,,16100,,,8,,,5.2,4.7
"2024-03-02 10:00:00 EST",1709391600,100.03,102.17,SE,12,6,,89,3.1,4.8,,,16100,,,8,,,4.9,4.6
"2024-03-02 09:00:00 EST",1709388000,100.05,102.19,SE,13,7,,87,2.6,4.6,,,24100,,,8,,,5.1,4.6
"2024-03-02 08:00:00 EST",1709384400,100.05,102.19,SSE,15,12,,79,1.7,5,,,24100,,,8,,,5.2,5
"2024-03-02 07:00:00 EST",1709380800,100.02,102.16,S,17,6,,78,1.7,5.1,,,24100,,,8,,,5.4,5.1
"2024-03-02 06:00:00 EST",1709377200,100.04,102.18,SSW,20,8,,73,0.8,5.2,,,24100,,,8,,,5.4,5.1
"2024-03-02 05:00:00 EST",1709373600,100.05,102.19,S,18,8,,69,0,5.2,,,24100,,,8,,,5.5,4.8
"2024-03-02 04:00:00 EST",1709370000,100.06,102.18,S,17,12,,66,-0.9,4.8,,,24100,,,8,,,4.8,4.2
"2024-03-02 03:00:00 EST",1709366400,100.11,102.25,SE,14,8,,68,-1.2,4.2,,,24100,,,8,,,4.3,3.9
"2024-03-02 02:00:00 EST",1709362800,100.14,102.28,SSE,14,9,,68,-1.3,4.1,,,24100,,,8,,,4.3,4
"2024-03-02 01:00:00 EST",1709359200,100.17,102.31,SSE,15,6,,67,-1.5,4.2,,,24100,,,7,,,4.4,4.1
"2024-03-02 00:00:00 EST",1709355600,100.16,102.3,SE,13,6,,67,-1.4,4.1,,,24100,,,7,,,4.2,3
"2024-03-01 23:00:00 EST",1709352000,100.21,102.36,SSE,15,4,,71,-1.5,3.3,,,24100,,,3,,,3.7,2.6
"2024-03-01 22:00:00 EST",1709348400,100.22,102.37,SE,14,3,,62,-3.7,2.8,,,24100,,,5,,,3.2,2.4
"2024-03-01 21:00:00 EST",1709344800,100.25,102.41,ENE,6,7,,61,-3.7,3.1,,,24100,,,3,,,3.9,2.8
"2024-03-01 20:00:00 EST",1709341200,100.32,102.48,SE,14,4,,57,-4,3.7,,,24100,,,6,,,5,3.5
"2024-03-01 19:00:00 EST",1709337600,100.34,102.5,SE,13,12,,39,-7.7,5.1,,,24100,,,6,,,6.1,5
"2024-03-01 18:00:00 EST",1709334000,100.36,102.52,ESE,12,7,,37,-7.7,6,,,24100,,,5,,,6.8,6
"2024-03-01 17:00:00 EST",1709330400,100.4,102.56,SE,12,7,,35,-7.8,6.7,,,24100,,,5,,,8.1,6.7
"2024-03-01 16:00:00 EST",1709326800,100.46,102.62,SSE,14,15,,34,-7,8.1,,,24100,,,3,,,8.3,7.7
"2024-03-01 15:00:00 EST",1709323200,100.5,102.66,SSE,14,18,28,34,-7,8.1,,,24100,,,3,,,8.2,7.5
"2024-03-01 14:00:00 EST",1709319600,100.54,102.7,SSE,15,21,30,37,-6,8,,,24100,,,3,,,9.2,7.7
"2024-03-01 13:00:00 EST",1709316000,100.64,102.8,S,18,14,,34,-6.5,8.3,,,24100,,,2,,,9,7.4
"2024-03-01 12:00:00 EST",1709312400,100.76,102.93,SW,22,22,39,36,-6.3,7.6,,,24100,,,1,,,7.7,5.7
"2024-03-01 11:00:00 EST",1709308800,100.8,102.97,SSW,19,20,,45,-5.5,5.6,,,24100,,,1,,,5.8,3.9
"2024-03-01 10:00:00 EST",1709305200,100.85,103.03,SW,22,24,,55,-4.4,3.8,,,24100,,,1,,,3.8,1.1
"2024-03-01 09:00:00 EST",1709301600,100.87,103.06,SSW,21,14,,71,-3.6,1.1,,,24100,,,1,,,1.1,-0.8
"2024-03-01 08:00:00 EST",1709298000,100.86,103.05,SSW,20,13,,77,-4.3,-0.8,-5,,24100,,,2,,,-0.8,-2.4
"2024-03-01 07:00:00 EST",1709294400,100.82,103.01,SSW,19,10,,76,-6,-2.3,-6,,24100,,,2,,,-2.2,-3
"2024-03-01 06:00:00 EST",1709290800,100.81,103,SSW,20,10,,72,-7.2,-2.9,-7,,24100,,,1,,,-2.8,-3.2
"2024-03-01 05:00:00 EST",1709287200,100.78,102.97,SSW,20,10,,67,-8.5,-3.1,-7,,24100,,,7,,,-2.9,-3.2
"2024-03-01 04:00:00 EST",1709283600,100.77,102.96,SSW,21,7,,63,-9.3,-3.2,-6,,24100,,,8,,,-3.2,-3.5
"2024-03-01 03:00:00 EST",1709280000,100.78,102.97,SSW,19,9,,61,-9.9,-3.5,-7,,24100,,,7,,,-3.5,-4.2
"2024-03-01 02:00:00 EST",1709276400,100.81,103,SSE,16,5,,60,-10.5,-3.9,-6,,24100,,,6,,,-3.7,-4
"2024-03-01 01:00:00 EST",1709272800,100.8,102.99,WSW,25,4,,60,-10.5,-3.9,-6,,24100,,,7,,,-3.9,-4.4
"2024-03-01 00:00:00 EST",1709269200,100.81,103,WSW,24,10,,62,-10.6,-4.4,-9,,24100,,,7,,,-4.2,-4.7
"2024-02-29 23:00:00 EST",1709265600,100.79,102.98,SW,23,12,,58,-11.3,-4.2,-9,,24100,,,7,,,-4.2,-4.5
"2024-02-29 22:00:00 EST",1709262000,100.77,102.97,SW,23,12,,56,-11.9,-4.4,-9,,24100,,,7,,,-4.3,-5.2
"2024-02-29 21:00:00 EST",1709258400,100.81,103.01,SW,23,13,,58,-12.2,-5.1,-10,,24100,,,7,,,-4.9,-5.2
"2024-02-29 20:00:00 EST",1709254800,100.83,103.03,WSW,25,14,,55,-12.7,-4.9,-10,,24100,,,7,,,-4.8,-5.1
"2024-02-29 19:00:00 EST",1709251200,100.86,103.07,W,26,19,,52,-13.4,-5.1,-12,,24100,,,4,,,-4.7,-5.5
"2024-02-29 18:00:00 EST",1709247600,100.83,103.03,W,27,27,,53,-13,-4.8,-12,,24100,,,4,,,-4.3,-4.9
"2024-02-29 17:00:00 EST",1709244000,100.8,103,W,26,28,38,56,-11.8,-4.3,-12,,24100,,,6,,,-2.8,-4.3
"2024-02-29 16:00:00 EST",1709240400,100.74,102.94,WNW,28,28,39,46,-14,-3.9,-11,,24100,,,6,,,-2,-3.9
"2024-02-29 15:00:00 EST",1709236800,100.71,102.91,WNW,29,29,40,45,-13.5,-3,-10,,24100,,,5,,,-2.6,-4.1
"2024-02-29 14:00:00 EST",1709233200,100.69,102.89,WNW,30,37,48,45,-14.2,-3.9,-12,,24100,,,6,,,-2.1,-4.4
"2024-02-29 13:00:00 EST",1709229600,100.68,102.88,WNW,29,39,54,56,-11.7,-4.1,-13,,16100,,,7,,,-2.1,-4.4
"2024-02-29 12:00:00 EST",1709226000,100.65,102.84,WNW,29,26,47,51,-11.9,-3,-10,,19300,,,7,,,-2.2,-5.9
"2024-02-29 11:00:00 EST",1709222400,100.62,102.81,WNW,29,37,49,45,-14.3,-4.1,-13,,24100,,,7,,,-3.1,-5.2
"2024-02-29 10:00:00 EST",1709218800,100.56,102.75,WNW,29,33,50,45,-14.5,-4.3,-12,,24100,,,4,,,-4.1,-5.2
"2024-02-29 09:00:00 EST",1709215200,100.47,102.66,WNW,28,35,58,49,-14.3,-5.1,-14,,24100,,,2,,,-5,-6.2
"2024-02-29 08:00:00 EST",1709211600,100.41,102.6,W,27,32,45,56,-13.7,-6.2,-15,,24100,,,1,,,-6.2,-7.1
"2024-02-29 07:00:00 EST",1709208000,100.28,102.47,W,27,28,46,59,-13.9,-7.2,-16,,24100,,,1,,,-7,-7.3
"2024-02-29 06:00:00 EST",1709204400,100.18,102.37,W,28,27,40,64,-12.8,-7.2,-15,,24100,,,1,,,-7,-7.2
"2024-02-29 05:00:00 EST",1709200800,100.07,102.25,W,27,28,43,65,-12.4,-6.9,-15,,24100,,,1,,,-6.5,-7.1
"2024-02-29 04:00:00 EST",1709197200,100.01,102.19,W,27,21,,69,-11.5,-6.8,-14,,24100,,,3,,,-6.5,-7.1
"2024-02-29 03:00:00 EST",1709193600,99.93,102.1,W,27,23,,67,-11.9,-6.6,-14,,24100,,,3,,,-6.2,-6.8
"2024-02-29 02:00:00 EST",1709190000,99.9,102.07,WNW,28,32,43,63,-12.1,-6.2,-15,,24100,,,3,,,-5.3,-6.4
"2024-02-29 01:00:00 EST",1709186400,99.82,101.98,WNW,28,31,49,62,-11.8,-5.7,-14,,24100,,,5,,,-5.3,-5.8
"2024-02-29 00:00:00 EST",1709182800,99.7,101.83,WNW,28,39,48,59,-12.5,-5.6,-15,,24100,,,1,,,-5.4,-5.7
"2024-02-28 23:00:00 EST",1709179200,99.63,101.76,W,27,30,55,59,-12.3,-5.5,-14,,24100,,,1,,,-5,-5.5
"2024-02-28 22:00:00 EST",1709175600,99.58,101.71,WNW,28,35,53,52,-13.4,-5.1,-14,,24100,,,1,,,-4.8,-5.2
"2024-02-28 21:00:00 EST",1709172000,99.41,101.55,WNW,28,37,53,57,-12.2,-4.8,-14,,24100,,,3,,,-4.6,-4.9
"2024-02-28 20:00:00 EST",1709168400,99.22,101.35,WNW,29,41,68,57,-11.8,-4.6,-14,,24100,,,5,,,-4.5,-4.8
"2024-02-28 19:00:00 EST",1709164800,98.99,101.12,WNW,28,39,73,59,-11.6,-4.8,-14,,24100,,,4,,,-4.3,-4.8
"2024-02-28 18:00:00 EST",1709161200,98.72,100.83,WNW,28,41,73,55,-11.9,-4.2,-13,,24100,,,3,,,-1.6,-4.2
"2024-02-28 17:00:00 EST",1709157600,98.37,100.47,WNW,28,59,80,56,-9.9,-2.2,-12,,24100,,,7,,,-0.9,-2.2
"2024-02-28 16:00:00 EST",1709154000,98.07,100.16,W,27,58,73,57,-8.4,-0.8,-10,,24100,,,8,,,0.1,-1.2
"2024-02-28 15:00:00 EST",1709150400,97.78,99.87,WNW,28,53,77,62,-6.5,-0.2,-9,,24100,,,8,,,2.1,-0.2
"2024-02-28 14:00:00 EST",1709146800,97.46,99.54,WNW,28,58,69,68,-3.4,2,,,24100,,,7,,,4.3,2
"2024-02-28 13:00:00 EST",1709143200,97.18,99.25,WNW,28,45,61,76,-0.1,3.8,,,24100,,,8,,,16.5,3.8
"2024-02-28 12:00:00 EST",1709139600,96.82,98.86,SW,22,37,59,72,10.6,15.6,,,24100,,,8,,,16.5,15.6
"2024-02-28 11:00:00 EST",1709136000,96.79,98.83,SW,21,48,64,74,11.6,16.1,,,24100,,,6,,,16.2,13.2
"2024-02-28 10:00:00 EST",1709132400,96.81,98.85,SSE,16,13,,95,12.5,13.2,,,24100,,,4,,,13.3,10.5
"2024-02-28 09:00:00 EST",1709128800,96.88,98.93,SSE,15,14,,100,10.4,10.4,,,16100,,,6,,,10.4,9.6
"2024-02-28 08:00:00 EST",1709125200,97.02,99.07,SSE,15,12,,100,9.7,9.7,,,4800,,,7,,,9.9,9.5
"2024-02-28 07:00:00 EST",1709121600,97.03,99.08,SE,14,14,,100,9.6,9.6,,,800,,,,,,10.1,9.6
"2024-02-28 06:00:00 EST",1709118000,97.14,99.19,SE,14,14,,100,9.9,9.9,,,2400,,,5,,,10.1,9.4
"2024-02-28 05:00:00 EST",1709114400,97.3,99.35,SE,14,12,,100,9.9,9.9,,,16100,,,8,,,10,8.5
"2024-02-28 04:00:00 EST",1709110800,97.4,99.46,S,16,13,,100,9.2,9.2,,,8100,,,8,,,9.2,8.3
"2024-02-28 03:00:00 EST",1709107200,97.39,99.45,SSE,15,11,,96,8,8.6,,,24100,,,8,,,8.9,8.5
"2024-02-28 02:00:00 EST",1709103600,97.53,99.59,SE,14,12,,94,7.8,8.7,,,24100,,,8,,,8.8,8.4
"2024-02-28 01:00:00 EST",1709100000,97.65,99.72,SE,13,14,,96,7.9,8.4,,,24100,,,6,,,8.5,7.5
"2024-02-28 00:00:00 EST",1709096400,97.71,99.78,SE,12,7,,100,7.4,7.5,,,24100,,,3,,,7.9,7.4
"2024-02-27 23:00:00 EST",1709092800,97.79,99.86,SE,12,9,,98,7.7,7.9,,,24100,,,6,,,8.1,7.8
"2024-02-27 22:00:00 EST",1709089200,97.88,99.95,SE,13,7,,99,7.7,7.9,,,24100,,,4,,,8.3,7.8
"2024-02-27 21:00:00 EST",1709085600,97.93,100.01,SSE,15,7,,97,7.9,8.3,,,24100,,,4,,,9.1,8.2
"2024-02-27 20:00:00 EST",1709082000,97.94,100.02,SE,13,13,,94,8.2,9.1,,,24100,,,1,,,9.8,9
"2024-02-27 19:00:00 EST",1709078400,97.96,100.05,SSE,15,12,,92,8.6,9.9,,,24100,,,2,,,11.1,9.9
"2024-02-27 18:00:00 EST",1709074800,97.98,100.07,SSE,14,14,,87,9,11.1,,,24100,,,8,,,11.4,10.2
"2024-02-27 17:00:00 EST",1709071200,98.05,100.14,SSE,15,20,31,96,10.1,10.7,,,24100,,,8,,,11,10.2
"2024-02-27 16:00:00 EST",1709067600,98.03,100.12,SSE,15,20,30,96,10.1,10.6,,,8100,,,8,,,11,9.3
"2024-02-27 15:00:00 EST",1709064000,98.04,100.12,SSE,14,25,,98,10,10.3,,,8100,,,8,,,10.4,7
"2024-02-27 14:00:00 EST",1709060400,98.1,100.19,SSE,14,16,29,100,9.6,9.6,,,8100,,,8,,,9.6,7
"2024-02-27 13:00:00 EST",1709056800,98.16,100.25,SE,14,7,,91,5.9,7.3,,,24100,,,8,,,8.3,7.3
"2024-02-27 12:00:00 EST",1709053200,98.21,100.3,S,17,18,,74,4,8.4,,,24100,,,8,,,10.4,8.4
"2024-02-27 11:00:00 EST",1709049600,98.23,100.31,SSE,15,12,,60,2.9,10.4,,,24100,,,7,,,10.6,9.7
"2024-02-27 10:00:00 EST",1709046000,98.31,100.4,S,19,7,,60,2.4,9.7,,,24100,,,8,,,9.9,5.8
"2024-02-27 09:00:00 EST",1709042400,98.34,100.44,,36,1,,72,1.1,5.8,,,24100,,,6,,,5.8,2.2
"2024-02-27 08:00:00 EST",1709038800,98.34,100.44,NNE,1,6,,84,0.2,2.6,,,24100,,,4,,,2.6,0.5
"2024-02-27 07:00:00 EST",1709035200,98.4,100.51,NE,5,4,,81,-2.1,0.7,,,24100,,,3,,,0.7,-1.7
"2024-02-27 06:00:00 EST",1709031600,98.47,100.58,,36,1,,80,-3.6,-0.6,-1,,24100,,,4,,,1.1,-0.8
"2024-02-27 05:00:00 EST",1709028000,98.53,100.64,ENE,6,3,,76,-3.7,0.1,,,24100,,,4,,,0.4,-1
"2024-02-27 04:00:00 EST",1709024400,98.61,100.72,WNW,28,5,,74,-4,0.1,,,24100,,,2,,,1.8,-0.2
"2024-02-27 03:00:00 EST",1709020800,98.63,100.73,,36,2,,72,-2.4,2,,,24100,,,0,,,2.7,0.9
"2024-02-27 02:00:00 EST",1709017200,98.7,100.8,E,8,5,,67,-2.9,2.6,,,24100,,,0,,,3,0.9
"2024-02-27 01:00:00 EST",1709013600,98.77,100.87,E,9,4,,64,-3.3,2.9,,,24100,,,0,,,3.1,2.6
"2024-02-27 00:00:00 EST",1709010000,98.82,100.93,E,8,5,,61,-3.9,2.9,,,24100,,,0,,,4.3,2.9
"2024-02-26 23:00:00 EST",1709006400,98.92,101.03,ESE,11,8,,56,-3.9,4.1,,,24100,,,0,,,4.6,3.7
"2024-02-26 22:00:00 EST",1709002800,98.94,101.05,ESE,11,13,,48,-6,4,,,24100,,,0,,,4.2,3.2
"2024-02-26 21:00:00 EST",1708999200,99.03,101.15,ESE,12,15,,52,-5.5,3.5,,,24100,,,0,,,3.7,3.2
"2024-02-26 20:00:00 EST",1708995600,99.06,101.19,ESE,12,10,,59,-4.3,3,,,24100,,,1,,,4.3,3
"2024-02-26 19:00:00 EST",1708992000,99.09,101.22,SE,13,10,,44,-6.8,4.3,,,24100,,,1,,,5.3,4.3
"2024-02-26 18:00:00 EST",1708988400,99.12,101.25,SE,13,9,,41,-7.1,5.3,,,24100,,,2,,,6.2,5.3
"2024-02-26 17:00:00 EST",1708984800,99.17,101.3,SE,13,13,,39,-6.7,6.2,,,24100,,,1,,,7.4,6.2
"2024-02-26 16:00:00 EST",1708981200,99.22,101.35,SE,14,12,,41,-5.1,7.2,,,24100,,,1,,,7.8,6.8
"2024-02-26 15:00:00 EST",1708977600,99.28,101.41,SSE,15,16,,40,-5.5,7.4,,,24100,,,3,,,9.5,7
"2024-02-26 14:00:00 EST",1708974000,99.31,101.42,N,35,5,,33,-7,8.3,,,24100,,,3,,,8.6,7
"2024-02-26 13:00:00 EST",1708970400,99.39,101.5,,36,2,,35,-6.8,7.5,,,24100,,,2,,,8.4,6.5
"2024-02-26 12:00:00 EST",1708966800,99.4,101.52,S,18,7,,37,-6.9,6.8,,,24100,,,2,,,7.3,5.4
"2024-02-26 11:00:00 EST",1708963200,99.44,101.56,NNE,1,4,,49,-4.5,5.4,,,24100,,,1,,,5.6,4.4
"2024-02-26 10:00:00 EST",1708959600,99.45,101.57,NNE,1,9,,54,-3.7,4.9,,,24100,,,1,,,4.9,3.3
"2024-02-26 09:00:00 EST",1708956000,99.38,101.51,N,0,14,,66,-2.3,3.5,,,24100,,,1,,,3.5,1.6
"2024-02-26 08:00:00 EST",1708952400,99.3,101.44,NW,31,11,,78,-1.8,1.6,,,24100,,,1,,,1.6,0.3
"2024-02-26 07:00:00 EST",1708948800,99.2,101.33,N,35,13,,83,-2.4,0.2,,,24100,,,0,,,1.1,-0.6
"2024-02-26 06:00:00 EST",1708945200,99.05,101.18,NW,31,12,,88,-2.1,-0.4,-4,,24100,,,0,,,-0.2,-1.4
"2024-02-26 05:00:00 EST",1708941600,98.97,101.1,WSW,24,9,,93,-2.2,-1.2,-4,,24100,,,1,,,-0.1,-1.9
